sample_id,site_id,group_id,year,season,role,m,h,u_m,u_h,feasible,habitat_suitability,target_protection,target_restoration,m_artifact_id,h_artifact_id,conservation_score,restoration_candidate_score,restoration_eligible,zone_reference
demo_00_00,site_00_00,block_00,2023,spring,train,0.678182969754424,0.6056913756107878,0.03,0.1,0,1.0,0.5971490979520709,,M_00,H_00,0.6409130798059643,0.0,False,4
demo_00_01,site_00_01,block_00,2024,summer,train,0.7345502904823649,0.8448814660708077,0.13,0.03,1,1.0,0.6212814327384986,0.5350615053306458,M_00,H_00,0.7877867264212302,0.33755349821455966,True,1
demo_00_02,site_00_02,block_00,2023,autumn,train,0.4727678547274655,0.7359325464007287,0.13,0.03,1,1.0,0.3996111116786971,0.3356281313792706,M_00,H_00,0.5898518891942226,0.353330728272354,True,3
demo_00_03,site_00_03,block_00,2024,winter,train,0.4312279726201056,0.2561143933111856,0.03,0.1,1,1.0,0.1919068807580272,0.470570681585398,M_00,H_00,0.33233069461969783,0.5663782146531544,True,4
demo_00_04,site_00_04,block_00,2023,spring,train,0.246675252441198,0.4830975770813464,0.03,0.1,1,1.0,0.1641263910123224,0.3036761485005889,M_00,H_00,0.34520749815186835,0.35708127318710764,True,4
demo_00_05,site_00_05,block_00,2024,summer,train,0.3930424207971331,0.8260897313036547,0.13,0.03,1,1.0,0.2132086267292033,0.1868191155184387,M_00,H_00,0.5698142748187708,0.26144619524845153,True,3
demo_00_06,site_00_06,block_00,2023,autumn,train,0.7882944783452535,0.3564228279294019,0.13,0.03,1,1.0,0.5553252650334113,0.6944884734707438,M_00,H_00,0.5300623993578001,0.7122698443232772,True,2
demo_00_07,site_00_07,block_00,2024,winter,train,0.1511896545919401,0.2846913021691646,0.03,0.1,1,1.0,0.0071716102052663,0.2254059338238552,M_00,H_00,0.20746657475430985,0.3288575298691736,True,4
demo_00_08,site_00_08,block_00,2023,spring,train,0.2506072877523401,0.8368751948882471,0.03,0.1,1,1.0,0.1813599555905113,0.2026920854498692,M_00,H_00,0.4579596300746985,0.20218868656328287,True,3
demo_00_09,site_00_09,block_00,2024,summer,train,0.6701140330371871,0.5026974434102712,0.13,0.03,1,1.0,0.4258247019958929,0.4820897168990589,M_00,H_00,0.5804003886983019,0.5772775951273764,True,4
demo_00_10,site_00_10,block_00,2023,autumn,train,0.8642133087818895,0.7239569015324347,0.13,0.03,1,1.0,0.646632287509624,0.5838611795076151,M_00,H_00,0.7909824203412046,0.48842616585627296,True,1
demo_00_11,site_00_11,block_00,2024,winter,train,0.7135150951596656,0.3964781052903409,0.03,0.1,1,1.0,0.5368762742768511,0.6440297087841875,M_00,H_00,0.531876971700187,0.6562179379860811,True,2
demo_00_12,site_00_12,block_00,2023,spring,train,0.6934946677103425,0.6433006952608046,0.03,0.1,1,1.0,0.5272208358576542,0.5558050766307333,M_00,H_00,0.6679263446651315,0.497362107334906,True,4
demo_00_13,site_00_13,block_00,2024,summer,train,0.262384333183395,0.6594211085901461,0.13,0.03,0,1.0,0.3323533873307162,,M_00,H_00,0.41595885357145673,0.0,False,4
demo_00_14,site_00_14,block_00,2023,autumn,train,0.9100551212101984,0.3817970616645573,0.13,0.03,1,1.0,0.6140678445070835,0.7370167068850727,M_00,H_00,0.5894542995269746,0.7500658304304777,True,2
demo_00_15,site_00_15,block_00,2024,winter,train,0.3690466338348902,0.8571071048014712,0.03,0.1,1,1.0,0.2883870282169448,0.2633555911475388,M_00,H_00,0.5624166532589085,0.2296391560077218,True,3
demo_00_16,site_00_16,block_00,2023,spring,train,0.2879319680819501,0.4598346616992439,0.03,0.1,1,1.0,0.0965252500866535,0.3511853338420152,M_00,H_00,0.3638696183186514,0.39437402164263946,True,4
demo_00_17,site_00_17,block_00,2024,summer,train,0.7364540150883656,0.8524262183342831,0.13,0.03,1,1.0,0.5617769885322248,0.4388711959533917,M_00,H_00,0.7923210908835348,0.32966847594134785,True,1
demo_00_18,site_00_18,block_00,2023,autumn,train,0.055480937577917,0.5075280387356782,0.13,0.03,1,1.0,0.0769578186114934,0.243101352646516,M_00,H_00,0.16780384809692775,0.16529611653568937,True,4
demo_00_19,site_00_19,block_00,2024,winter,train,0.2363207138921358,0.5194776789052383,0.03,0.1,0,1.0,0.0,,M_00,H_00,0.35037599222822846,0.0,False,4
demo_00_20,site_00_20,block_00,2023,spring,train,0.822774329776597,0.4384372273260142,0.03,0.1,1,1.0,0.6132610887569119,0.6974365697453789,M_00,H_00,0.6006121009955351,0.6797348261743885,True,2
demo_00_21,site_00_21,block_00,2024,summer,train,0.001,0.3063538319433609,0.13,0.03,1,1.0,0.0,0.2740368089963728,M_00,H_00,0.017502966375542203,0.026337163249990296,True,4
demo_00_22,site_00_22,block_00,2023,autumn,train,0.2975798965539962,0.4025369974537741,0.13,0.03,1,1.0,0.2458660817408364,0.3768998869519113,M_00,H_00,0.3461024675749226,0.42165504680075383,True,4
demo_00_23,site_00_23,block_00,2024,winter,train,0.1598492251042386,0.604650867774603,0.03,0.1,1,1.0,0.106928487244919,0.2044997799508543,M_00,H_00,0.3108906120685791,0.25138864817621115,True,4
demo_01_00,site_01_00,block_01,2023,spring,train,0.355811339050662,0.4168693189026116,0.03,0.1,1,1.0,0.2332584548727466,0.3297590126572818,M_01,H_01,0.3851322247850414,0.4555046744905987,True,4
demo_01_01,site_01_01,block_01,2024,summer,train,0.9116678042685332,0.314222611340255,0.13,0.03,1,1.0,0.6857602592985689,0.7947158396073359,M_01,H_01,0.5352257823872977,0.7906966334419531,True,2
demo_01_02,site_01_02,block_01,2023,autumn,train,0.7396694279587591,0.3997797223046167,0.13,0.03,1,1.0,0.564614693945216,0.6366350728472233,M_01,H_01,0.543787493885771,0.6663066782287206,True,2
demo_01_03,site_01_03,block_01,2024,winter,train,0.377342142771359,0.7041193632427879,0.03,0.1,1,1.0,0.3138190884894033,0.2277504594384356,M_01,H_01,0.515455050700678,0.3341380455418397,True,3
demo_01_04,site_01_04,block_01,2023,spring,train,0.3935602809520362,0.4960099896860649,0.03,0.1,1,1.0,0.1904633933087631,0.4149840861340118,M_01,H_01,0.44182556614105556,0.44536552409921887,True,4
demo_01_05,site_01_05,block_01,2024,summer,train,0.0964662989512235,0.3989390401159114,0.13,0.03,1,1.0,0.0449335331898904,0.2998800392391252,M_01,H_01,0.19617383288077855,0.2407947803505878,True,4
demo_01_06,site_01_06,block_01,2023,autumn,train,0.8024765032196334,0.3842591120096998,0.13,0.03,1,1.0,0.5160880746343343,0.6552482734099164,M_01,H_01,0.5553007370207835,0.702934986100285,True,2
demo_01_07,site_01_07,block_01,2024,winter,train,0.3558047797321555,0.5356281184751737,0.03,0.1,1,1.0,0.2593566629399849,0.3787530417737856,M_01,H_01,0.43655359889984646,0.40647968586357114,True,4
demo_01_08,site_01_08,block_01,2023,spring,train,0.6352668116013314,0.6436339327280453,0.03,0.1,1,1.0,0.3665302390431186,0.510723240382602,M_01,H_01,0.6394366866880341,0.47580199171373827,True,4
demo_01_09,site_01_09,block_01,2024,summer,train,0.9885376902676224,0.3144661221073862,0.13,0.03,0,1.0,0.5848168687182845,,M_01,H_01,0.5575496516145012,0.0,False,5
demo_01_10,site_01_10,block_01,2023,autumn,train,0.999,0.7218030163185813,0.13,0.03,1,1.0,0.6270809068468299,0.5155509729567663,M_01,H_01,0.8491650094665129,0.527180032529436,True,1
demo_01_11,site_01_11,block_01,2024,winter,train,0.4932899246140205,0.4732885172383929,0.03,0.1,1,1.0,0.3049265462869672,0.3248366739180086,M_01,H_01,0.48318573756807887,0.5097268558991297,True,4
demo_01_12,site_01_12,block_01,2023,spring,train,0.7073769483034967,0.5006384925169741,0.03,0.1,1,1.0,0.5639180695012237,0.6181441318146342,M_01,H_01,0.5950967392281024,0.5943372941887263,True,2
demo_01_13,site_01_13,block_01,2024,summer,train,0.3660439798382482,0.7587550288031584,0.13,0.03,1,1.0,0.3338054084308048,0.2834420245032227,M_01,H_01,0.527008264133868,0.29716370803457054,True,3
demo_01_14,site_01_14,block_01,2023,autumn,train,0.3068796280788145,0.8667753025967433,0.13,0.03,1,1.0,0.1382983167652145,0.0904297189720768,M_01,H_01,0.5157476926645339,0.20219778829162305,True,3
demo_01_15,site_01_15,block_01,2024,winter,train,0.3860349918530708,0.756139412503454,0.03,0.1,0,1.0,0.2546932974784857,,M_01,H_01,0.5402742562306264,0.0,False,3
demo_01_16,site_01_16,block_01,2023,spring,train,0.5791699860092104,0.6567981174955201,0.03,0.1,1,1.0,0.4247194669231127,0.4398911093276751,M_01,H_01,0.6167639390567157,0.4458387931623429,True,4
demo_01_17,site_01_17,block_01,2024,summer,train,0.2656446985038578,0.3103843879290647,0.13,0.03,1,1.0,0.0553104060083984,0.2938886386296085,M_01,H_01,0.28714450569655836,0.42801020005618673,True,4
demo_01_18,site_01_18,block_01,2023,autumn,train,0.3872117779751841,0.7994388417586802,0.13,0.03,1,1.0,0.6303146745619016,0.5147134395940999,M_01,H_01,0.5563740965391905,0.27867479734519174,True,3
demo_01_19,site_01_19,block_01,2024,winter,train,0.6723060617156449,0.5605566106227923,0.03,0.1,1,1.0,0.5082000158429988,0.4251321600203632,M_01,H_01,0.6138938078010558,0.5435443445195297,True,4
demo_01_20,site_01_20,block_01,2023,spring,train,0.4628039017158669,0.7293636379811638,0.03,0.1,1,1.0,0.3181301254411738,0.3163233659860888,M_01,H_01,0.5809925450703836,0.3539089774059218,True,3
demo_01_21,site_01_21,block_01,2024,summer,train,0.6138939713596742,0.6615933054806671,0.13,0.03,1,1.0,0.4088148830296492,0.44518668399819,M_01,H_01,0.6372975299861916,0.45579143216297224,True,4
demo_01_22,site_01_22,block_01,2023,autumn,train,0.5909160555970162,0.7338521716479315,0.13,0.03,1,1.0,0.5337872462310809,0.4410641664274716,M_01,H_01,0.6585172971619653,0.3965741102688324,True,3
demo_01_23,site_01_23,block_01,2024,winter,train,0.1933087229477084,0.3397196447168308,0.03,0.1,1,1.0,0.0806860459788845,0.2537691288116964,M_01,H_01,0.25626308879832804,0.3572645410158257,True,4
demo_02_00,site_02_00,block_02,2023,spring,train,0.5509542387343411,0.2844838508103999,0.03,0.1,1,1.0,0.3757328915071991,0.5363063576718776,M_02,H_02,0.39590097683064357,0.6278667496203978,True,4
demo_02_01,site_02_01,block_02,2024,summer,train,0.6432069787913011,0.7829145117238395,0.13,0.03,1,1.0,0.5475077049824644,0.4508525843388626,M_02,H_02,0.7096309447436445,0.373672183944087,True,3
demo_02_02,site_02_02,block_02,2023,autumn,train,0.5298489239596754,0.599786914107654,0.13,0.03,1,1.0,0.5345148503705577,0.586969427445384,M_02,H_02,0.5637343798678902,0.46049155574737816,True,4
demo_02_03,site_02_03,block_02,2024,winter,train,0.6406479058332951,0.6305770621150232,0.03,0.1,1,1.0,0.4883554012874078,0.5330148251527813,M_02,H_02,0.6355925379600529,0.486487442307398,True,4
demo_02_04,site_02_04,block_02,2023,spring,train,0.3847798848626353,0.5394835953261771,0.03,0.1,1,1.0,0.2438031193775816,0.2979145653743233,M_02,H_02,0.4556121549024861,0.42094827374363747,True,4
demo_02_05,site_02_05,block_02,2024,summer,train,0.5457603471628266,0.3891034141753005,0.13,0.03,1,1.0,0.2402576254975061,0.4212661031049632,M_02,H_02,0.46082232411478624,0.5774107141024261,True,4
demo_02_06,site_02_06,block_02,2023,autumn,train,0.8437036927929261,0.3370266455634467,0.13,0.03,1,1.0,0.6947046359198319,0.7624909481800992,M_02,H_02,0.5332453707548642,0.7478991023937878,True,2
demo_02_07,site_02_07,block_02,2024,winter,train,0.5459963435546547,0.2592325579840895,0.03,0.1,1,1.0,0.409568137368542,0.5698868032544492,M_02,H_02,0.3762180601587766,0.635968800150622,True,4
demo_02_08,site_02_08,block_02,2023,spring,train,0.4091630683899037,0.694482329746409,0.03,0.1,1,1.0,0.3893006285251097,0.3827476647436035,M_02,H_02,0.5330633367449027,0.3535626499056343,True,4
demo_02_09,site_02_09,block_02,2024,summer,train,0.3942115538970669,0.3294005422460653,0.13,0.03,0,1.0,0.1891008278155654,,M_02,H_02,0.3603519107946534,0.0,False,4
demo_02_10,site_02_10,block_02,2023,autumn,train,0.4011479450348005,0.7926234798755608,0.13,0.03,1,1.0,0.2719018565865742,0.2572379275730367,M_02,H_02,0.5638787814224027,0.2884244526672223,True,3
demo_02_11,site_02_11,block_02,2024,winter,train,0.0939009969772151,0.7969096982403743,0.03,0.1,1,1.0,0.0725890722050854,0.062996728034394,M_02,H_02,0.2735518509635473,0.13809555319282488,True,3
demo_02_12,site_02_12,block_02,2023,spring,train,0.7346198365802227,0.3850461969759988,0.03,0.1,1,1.0,0.5138008505084423,0.7278788661247126,M_02,H_02,0.5318482624756279,0.6721289030252144,True,2
demo_02_13,site_02_13,block_02,2024,summer,train,0.5670663586453313,0.3276135185484796,0.13,0.03,1,1.0,0.39086449492814,0.5586871609000025,M_02,H_02,0.4310204229572782,0.6174850230078947,True,4
demo_02_14,site_02_14,block_02,2023,autumn,train,0.8487061805376465,0.4167692138286711,0.13,0.03,0,1.0,0.6982029105013238,,M_02,H_02,0.5947391088823814,0.0,False,5
demo_02_15,site_02_15,block_02,2024,winter,train,0.2974887626450498,0.8176874198177724,0.03,0.1,1,1.0,0.2165621599452977,0.1637080012429464,M_02,H_02,0.4932066694115282,0.2328861178624379,True,3
demo_02_16,site_02_16,block_02,2023,spring,train,0.6041541404673784,0.7659697440154095,0.03,0.1,1,1.0,0.5264236901202032,0.3987325994568075,M_02,H_02,0.6802674417607001,0.37601907949960567,True,3
demo_02_17,site_02_17,block_02,2024,summer,train,0.999,0.7988772631301025,0.13,0.03,1,1.0,0.7413691197910405,0.6056431022569714,M_02,H_02,0.8933523301961955,0.44824280711800335,True,1
demo_02_18,site_02_18,block_02,2023,autumn,train,0.4010224604519872,0.6620963039814143,0.13,0.03,1,1.0,0.2422153188182466,0.3005380501474284,M_02,H_02,0.5152819508568038,0.36811271585370914,True,4
demo_02_19,site_02_19,block_02,2024,winter,train,0.3748094740946981,0.5986083506076059,0.03,0.1,1,1.0,0.1430281847223602,0.313545457964085,M_02,H_02,0.47367085732598263,0.38787290832792987,True,4
demo_02_20,site_02_20,block_02,2023,spring,train,0.5907448453571851,0.4699022775083898,0.03,0.1,1,1.0,0.4075453282690233,0.4948605013378251,M_02,H_02,0.5268703334404802,0.559600301194971,True,4
demo_02_21,site_02_21,block_02,2024,summer,train,0.7417018420505717,0.6008900323289134,0.13,0.03,1,1.0,0.4261179598088572,0.5247220058670066,M_02,H_02,0.6675936217851265,0.5440777501445809,True,2
demo_02_22,site_02_22,block_02,2023,autumn,train,0.7124613474583883,0.5674172436108671,0.13,0.03,1,1.0,0.6630890068878481,0.6473326904604951,M_02,H_02,0.6358166826642118,0.5551562784516314,True,2
demo_02_23,site_02_23,block_02,2024,winter,train,0.794301525712368,0.6788507139098593,0.03,0.1,1,1.0,0.6867649129688624,0.5367944380500095,M_02,H_02,0.734310668443222,0.5050637265957996,True,2
demo_03_00,site_03_00,block_03,2023,spring,train,0.1489872403647072,0.1700739103823883,0.03,0.1,1,1.0,0.0,0.3087428750088185,M_03,H_03,0.15918179093698678,0.3516367412526749,True,4
demo_03_01,site_03_01,block_03,2024,summer,train,0.4832023672113816,0.1813539644176841,0.13,0.03,1,1.0,0.2655979657215347,0.4947223047224534,M_03,H_03,0.29602477077061246,0.6289449119768663,True,4
demo_03_02,site_03_02,block_03,2023,autumn,train,0.5261284028718674,0.4304450100535932,0.13,0.03,1,1.0,0.2757712489709015,0.4439328854430901,M_03,H_03,0.4758879549470252,0.5474112322634652,True,4
demo_03_03,site_03_03,block_03,2024,winter,train,0.7563987695953195,0.3470107713227646,0.03,0.1,1,1.0,0.4977344562620284,0.7103866352632192,M_03,H_03,0.5123265759892434,0.7027945995313691,True,2
demo_03_04,site_03_04,block_03,2023,spring,train,0.4317992410828571,0.7506931932878822,0.03,0.1,1,1.0,0.3853980119996962,0.3068566126303638,M_03,H_03,0.5693406284007615,0.32810134095288757,True,3
demo_03_05,site_03_05,block_03,2024,summer,train,0.962330253847838,0.797828530393042,0.13,0.03,1,1.0,0.7012780647349679,0.572326975751629,M_03,H_03,0.8762274431791004,0.4410847103081837,True,1
demo_03_06,site_03_06,block_03,2023,autumn,train,0.1876239569177131,0.7251699011114872,0.13,0.03,1,1.0,0.1210190104477801,0.1851679913179396,M_03,H_03,0.3688620965674895,0.22707864416001158,True,3
demo_03_07,site_03_07,block_03,2024,winter,train,0.2185341101219799,0.673282713858172,0.03,0.1,1,1.0,0.119427933232076,0.2098631869925773,M_03,H_03,0.3835821147205736,0.2672056724481587,True,4
demo_03_08,site_03_08,block_03,2023,spring,train,0.7361170185264095,0.4577566476786525,0.03,0.1,1,1.0,0.6122390661657255,0.6128238543043923,M_03,H_03,0.5804846756804642,0.6317867993449655,True,2
demo_03_09,site_03_09,block_03,2024,summer,train,0.5430814522242324,0.2522395046460629,0.13,0.03,1,1.0,0.2367676849883561,0.4727200303262746,M_03,H_03,0.3701170037859715,0.6372557224009272,True,4
demo_03_10,site_03_10,block_03,2023,autumn,train,0.8618361856925687,0.5593676119690436,0.13,0.03,0,1.0,0.6864049742176699,,M_03,H_03,0.6943221508056339,0.0,False,5
demo_03_11,site_03_11,block_03,2024,winter,train,0.6272178667450414,0.001,0.03,0.1,1,1.0,0.4181781067220237,0.6582289814080882,M_03,H_03,0.02504431805310421,0.7915747904514749,True,4
demo_03_12,site_03_12,block_03,2023,spring,train,0.8182136393726742,0.2682860297332803,0.03,0.1,1,1.0,0.6192722206392323,0.768938433162688,M_03,H_03,0.4685245871679658,0.7737560019746286,True,2
demo_03_13,site_03_13,block_03,2024,summer,train,0.4162250455639921,0.1817577118673152,0.13,0.03,1,1.0,0.3702799692654319,0.6409888403808756,M_03,H_03,0.27504928995287414,0.5835862692528088,True,4
demo_03_14,site_03_14,block_03,2023,autumn,train,0.786690404198114,0.5399046146238625,0.13,0.03,1,1.0,0.5918717778967562,0.5960009593267932,M_03,H_03,0.6517190955518132,0.6016249867577316,True,2
demo_03_15,site_03_15,block_03,2024,winter,train,0.2345128569826052,0.3425061477448088,0.03,0.1,1,1.0,0.0701178923589397,0.26301946174708,M_03,H_03,0.28341152983204726,0.3926713151490236,True,4
demo_03_16,site_03_16,block_03,2023,spring,train,0.1708649329367517,0.6960203666115281,0.03,0.1,1,1.0,0.1475208454517604,0.0949774709128047,M_03,H_03,0.34485572818744376,0.22790230291302369,True,4
demo_03_17,site_03_17,block_03,2024,summer,train,0.7408015439329967,0.874694879134416,0.13,0.03,1,1.0,0.6516332811979236,0.5391434326864666,M_03,H_03,0.8049691403607105,0.3046739683660804,True,1
demo_03_18,site_03_18,block_03,2023,autumn,train,0.5123707407157496,0.8078322731038288,0.13,0.03,1,1.0,0.5725989604429792,0.4248191178724684,M_03,H_03,0.6433580808105984,0.31378515033610677,True,3
demo_03_19,site_03_19,block_03,2024,winter,train,0.4019959363596302,0.2829596567546445,0.03,0.1,1,1.0,0.2023197211699438,0.4031217202009895,M_03,H_03,0.3372664112672397,0.5368866772332382,True,4
demo_03_20,site_03_20,block_03,2023,spring,train,0.3566480004548104,0.8586582961962003,0.03,0.1,1,1.0,0.2541606764063268,0.158958026367523,M_03,H_03,0.5533884389940841,0.2245200125656981,True,3
demo_03_21,site_03_21,block_03,2024,summer,train,0.4029578913843578,0.8603862132118837,0.13,0.03,1,1.0,0.3977858837026783,0.2777922183493331,M_03,H_03,0.5888118666025959,0.23718869520347013,True,3
demo_03_22,site_03_22,block_03,2023,autumn,train,0.1437680353629825,0.6498262022733166,0.13,0.03,0,1.0,0.1265453278857398,,M_03,H_03,0.3056537852345735,0.0,False,4
demo_03_23,site_03_23,block_03,2024,winter,train,0.3969003447528971,0.5977332194347833,0.03,0.1,1,1.0,0.2448442591669789,0.3512558611271308,M_03,H_03,0.4870734245100266,0.3995745536054223,True,4
demo_04_00,site_04_00,block_04,2023,spring,train,0.3528152452523188,0.6998463787047167,0.03,0.1,1,1.0,0.2422964073415072,0.2617389679217886,M_04,H_04,0.49690690450189134,0.3254209174448794,True,4
demo_04_01,site_04_01,block_04,2024,summer,train,0.4256193754123806,0.7441624706998308,0.13,0.03,1,1.0,0.3102263977111997,0.2976261079771153,M_04,H_04,0.5627876739806904,0.3299839532883146,True,3
demo_04_02,site_04_02,block_04,2023,autumn,train,0.6624496066789423,0.3376932510299301,0.13,0.03,1,1.0,0.5490415637890911,0.6792704347382642,M_04,H_04,0.472974377025765,0.6623781739731706,True,4
demo_04_03,site_04_03,block_04,2024,winter,train,0.3027514450826626,0.481779994914934,0.03,0.1,1,1.0,0.1909313008828955,0.2910144067234014,M_04,H_04,0.38191568398327674,0.3960957654535687,True,4
demo_04_04,site_04_04,block_04,2023,spring,train,0.1568976276900134,0.1357226737402946,0.03,0.1,1,1.0,0.0,0.2957761906525561,M_04,H_04,0.14592657583044255,0.36824321060464305,True,4
demo_04_05,site_04_05,block_04,2024,summer,train,0.6679757876924963,0.6522971312984869,0.13,0.03,1,1.0,0.4186149489549522,0.3903109375695511,M_04,H_04,0.660089910609655,0.481930594177039,True,4
demo_04_06,site_04_06,block_04,2023,autumn,train,0.4002710641495083,0.6578934152926665,0.13,0.03,0,1.0,0.2096907651286464,,M_04,H_04,0.513162447414218,0.0,False,4
demo_04_07,site_04_07,block_04,2024,winter,train,0.1503592335420345,0.4420384880546286,0.03,0.1,1,1.0,0.0069760176092243,0.1568832674297885,M_04,H_04,0.2578072308139819,0.289645758266992,True,4
demo_04_08,site_04_08,block_04,2023,spring,train,0.3912863172605899,0.7028704087325833,0.03,0.1,1,1.0,0.1910116781875415,0.2497031847421792,M_04,H_04,0.524426900286797,0.3409732299113403,True,3
demo_04_09,site_04_09,block_04,2024,summer,train,0.9012129711165248,0.8612742287995818,0.13,0.03,1,1.0,0.7276522093767632,0.5804107419568675,M_04,H_04,0.8810173134976206,0.3535837445838823,True,1
demo_04_10,site_04_10,block_04,2023,autumn,train,0.5294077871477805,0.9245519950911164,0.13,0.03,1,1.0,0.7742524883743079,0.5746149562396048,M_04,H_04,0.6996177712324448,0.1998568520805002,True,3
demo_04_11,site_04_11,block_04,2024,winter,train,0.6237605119831167,0.5383125985083245,0.03,0.1,1,1.0,0.3646099884330395,0.5082756135184956,M_04,H_04,0.5794636675862554,0.5366398885012204,True,4
demo_04_12,site_04_12,block_04,2023,spring,train,0.777977588983303,0.4789617778702218,0.03,0.1,1,1.0,0.5029869782539951,0.662520859419151,M_04,H_04,0.610427333236833,0.6366757886245334,True,2
demo_04_13,site_04_13,block_04,2024,summer,train,0.5827624613359146,0.349223273520119,0.13,0.03,1,1.0,0.2502974786490239,0.4654195213888821,M_04,H_04,0.451125497431003,0.6158313461521301,True,4
demo_04_14,site_04_14,block_04,2023,autumn,train,0.3163927020913781,0.8077726793283838,0.13,0.03,0,1.0,0.3397230483502633,,M_04,H_04,0.5055426596127172,0.0,False,3
demo_04_15,site_04_15,block_04,2024,winter,train,0.6701872851102381,0.4027962963966952,0.03,0.1,1,1.0,0.5133704506526355,0.6168117262799884,M_04,H_04,0.5195661231590835,0.632643919417296,True,4
demo_04_16,site_04_16,block_04,2023,spring,train,0.6566368204736809,0.9593494732821252,0.03,0.1,0,1.0,0.5724570116709521,,M_04,H_04,0.7936902341966134,0.0,False,3
demo_04_17,site_04_17,block_04,2024,summer,train,0.4402244249161219,0.8073776408577958,0.13,0.03,1,1.0,0.5112688496994638,0.4105797758550973,M_04,H_04,0.5961772870856105,0.2911993600256764,True,3
demo_04_18,site_04_18,block_04,2023,autumn,train,0.1804251785134771,0.5134845801356108,0.13,0.03,1,1.0,0.0683138480817843,0.250475932737614,M_04,H_04,0.30437731031547904,0.29627627559187336,True,4
demo_04_19,site_04_19,block_04,2024,winter,train,0.3368601357170444,0.3254582779080476,0.03,0.1,1,1.0,0.1298687896956592,0.3751456956884817,M_04,H_04,0.33111013223146835,0.4766825107455736,True,4
demo_04_20,site_04_20,block_04,2023,spring,train,0.6890710728394283,0.4828013431468501,0.03,0.1,1,1.0,0.5190719105745879,0.5497756795843578,M_04,H_04,0.5767880368822822,0.5969812671674978,True,4
demo_04_21,site_04_21,block_04,2024,summer,train,0.6808815251266759,0.5431216246030629,0.13,0.03,1,1.0,0.5662431769127546,0.5907127623794384,M_04,H_04,0.6081130487738372,0.5577455020326605,True,4
demo_04_22,site_04_22,block_04,2023,autumn,train,0.3089140259827638,0.1911297746801665,0.13,0.03,1,1.0,0.0450619615417939,0.4099220323615052,M_04,H_04,0.24298697121785923,0.49987134124806054,True,4
demo_04_23,site_04_23,block_04,2024,winter,train,0.5346823343537311,0.1188031336865996,0.03,0.1,1,1.0,0.3180424733546895,0.4878171411111408,M_04,H_04,0.2520355864716121,0.6864112451771472,True,4
demo_05_00,site_05_00,block_05,2023,spring,train,0.6969009122364552,0.4682802588113444,0.03,0.1,1,1.0,0.5327621224600744,0.6013984931029775,M_05,H_05,0.5712660847170513,0.6087330882156037,True,4
demo_05_01,site_05_01,block_05,2024,summer,train,0.5351459377697696,0.3761935842048236,0.13,0.03,1,1.0,0.1255612527383165,0.4007924368136065,M_05,H_05,0.4486852665312971,0.5777780450722478,True,4
demo_05_02,site_05_02,block_05,2023,autumn,train,0.5701032426039208,0.6661140168905042,0.13,0.03,1,1.0,0.4199543375309047,0.3765320819270367,M_05,H_05,0.6162416417065625,0.4362905931036348,True,4
demo_05_03,site_05_03,block_05,2024,winter,train,0.5067984785693125,0.8053835788566717,0.03,0.1,1,1.0,0.4132294826917571,0.3721308401811311,M_05,H_05,0.6388796228001556,0.31405621493618524,True,3
demo_05_04,site_05_04,block_05,2023,spring,train,0.4069434131298435,0.1613107124599949,0.03,0.1,1,1.0,0.1637705878490865,0.4339467476877385,M_05,H_05,0.25621149838146823,0.5842080804190972,True,4
demo_05_05,site_05_05,block_05,2024,summer,train,0.3417557901888852,0.7403553848317904,0.13,0.03,1,1.0,0.2226167635293972,0.2118467231167997,M_05,H_05,0.5030116694111427,0.29788429066518507,True,3
demo_05_06,site_05_06,block_05,2023,autumn,train,0.821993538985412,0.4398289176643913,0.13,0.03,1,1.0,0.6194312133144789,0.6709895284964904,M_05,H_05,0.601279077117337,0.678569827214809,True,2
demo_05_07,site_05_07,block_05,2024,winter,train,0.7584320582939045,0.2969390855132309,0.03,0.1,1,1.0,0.5890658919332481,0.7058444335262594,M_05,H_05,0.4745609779719666,0.7302218405937986,True,2
demo_05_08,site_05_08,block_05,2023,spring,train,0.3624840324378872,0.4720265629212753,0.03,0.1,1,1.0,0.174190922274012,0.3189936136814493,M_05,H_05,0.41364488627988616,0.43747221682340837,True,4
demo_05_09,site_05_09,block_05,2024,summer,train,0.4045977615758021,0.7423916963646712,0.13,0.03,1,1.0,0.2986040702565137,0.230089831346275,M_05,H_05,0.5480602326036879,0.32284321738917426,True,3
demo_05_10,site_05_10,block_05,2023,autumn,train,0.7193343365552345,0.3607065463588444,0.13,0.03,1,1.0,0.2644320385058686,0.4994008680719511,M_05,H_05,0.5093806084021744,0.6781340076556147,True,2
demo_05_11,site_05_11,block_05,2024,winter,train,0.2489523275273664,0.6530762825463537,0.03,0.1,1,1.0,0.1221473256092643,0.1732305275320596,M_05,H_05,0.4032181302878564,0.2938834240554095,True,4
demo_05_12,site_05_12,block_05,2023,spring,train,0.6149525921226886,0.2715724212568066,0.03,0.1,1,1.0,0.4964750247355004,0.650141419579,M_05,H_05,0.40866143003825056,0.6692894947044818,True,4
demo_05_13,site_05_13,block_05,2024,summer,train,0.8147501142467615,0.2900456118345892,0.13,0.03,1,1.0,0.5968487837634172,0.7588732929317672,M_05,H_05,0.4861220992497701,0.7605494190831771,True,2
demo_05_14,site_05_14,block_05,2023,autumn,train,0.6870466406707698,0.8177967097670437,0.13,0.03,1,1.0,0.4016756970235498,0.3447838014999592,M_05,H_05,0.7495762017280537,0.35381090779357544,True,3
demo_05_15,site_05_15,block_05,2024,winter,train,0.5655282094526037,0.8438218841040147,0.03,0.1,1,1.0,0.4676348974316469,0.4356593098226718,M_05,H_05,0.6908003179025514,0.29719207633841416,True,3
demo_05_16,site_05_16,block_05,2023,spring,train,0.5099352013029227,0.6128486529820353,0.03,0.1,1,1.0,0.4674918161154393,0.488706007520496,M_05,H_05,0.5590287123454565,0.44432206796005924,True,4
demo_05_17,site_05_17,block_05,2024,summer,train,0.601389270122429,0.6130472031546293,0.13,0.03,1,1.0,0.5621819503493696,0.5788573818510765,M_05,H_05,0.6071902585316723,0.4823994818267014,True,4
demo_05_18,site_05_18,block_05,2023,autumn,train,0.7490425870621813,0.4337881415975537,0.13,0.03,1,1.0,0.5592730384318987,0.6388668286887671,M_05,H_05,0.570022623953758,0.6512425011031251,True,2
demo_05_19,site_05_19,block_05,2024,winter,train,0.6478205601858215,0.9028404290626326,0.03,0.1,0,1.0,0.5305512157260359,,M_05,H_05,0.7647735563640796,0.0,False,3
demo_05_20,site_05_20,block_05,2023,spring,train,0.2384276023348163,0.5676053867930454,0.03,0.1,1,1.0,0.123958613862498,0.316827590234878,M_05,H_05,0.36787605446045524,0.3210838066446586,True,4
demo_05_21,site_05_21,block_05,2024,summer,train,0.6649975598233495,0.5020813523582259,0.13,0.03,1,1.0,0.4825568434981261,0.566070717891235,M_05,H_05,0.5778259895081109,0.5754256560775874,True,4
demo_05_22,site_05_22,block_05,2023,autumn,train,0.8476860558564071,0.8636632817780601,0.13,0.03,1,1.0,0.6643167712931546,0.5323349743123449,M_05,H_05,0.8556373769994181,0.339956960419937,True,1
demo_05_23,site_05_23,block_05,2024,winter,train,0.6319048920879234,0.7239308589438087,0.03,0.1,1,1.0,0.5619724838220163,0.5324951183660334,M_05,H_05,0.6763545307750995,0.4176714507695232,True,3
demo_06_00,site_06_00,block_06,2023,spring,train,0.6563648171243034,0.5022809188869634,0.03,0.1,1,1.0,0.5319922113372824,0.5853524529070124,M_06,H_06,0.5741772578831983,0.571563901636584,True,4
demo_06_01,site_06_01,block_06,2024,summer,train,0.5751483392000325,0.8240487512485275,0.13,0.03,1,1.0,0.4148542601572469,0.3518042656991312,M_06,H_06,0.6884404627129722,0.31811643858747884,True,3
demo_06_02,site_06_02,block_06,2023,autumn,train,0.2623778558354996,0.7637026867837697,0.13,0.03,1,1.0,0.3032336492869191,0.2516483623443127,M_06,H_06,0.44763676508318173,0.24899635013663143,True,3
demo_06_03,site_06_03,block_06,2024,winter,train,0.3704046721530943,0.8652780104443633,0.03,0.1,1,1.0,0.3067390673266184,0.2618473913160159,M_06,H_06,0.5661298594668241,0.2233867820019086,True,3
demo_06_04,site_06_04,block_06,2023,spring,train,0.6963675611389617,0.3508118663952448,0.03,0.1,1,1.0,0.381720217310869,0.6561226885170779,M_06,H_06,0.49426106848533385,0.6723641552898978,True,4
demo_06_05,site_06_05,block_06,2024,summer,train,0.5759645385227183,0.4030965996460853,0.13,0.03,1,1.0,0.2901305145285885,0.427057153577066,M_06,H_06,0.4818395448645062,0.5863405081754831,True,4
demo_06_06,site_06_06,block_06,2023,autumn,train,0.8471253649521681,0.2786332642038155,0.13,0.03,1,1.0,0.5905942664792647,0.7776297750490888,M_06,H_06,0.4858367067508085,0.7817212158600385,True,2
demo_06_07,site_06_07,block_06,2024,winter,train,0.2985749346850877,0.2398975132067288,0.03,0.1,1,1.0,0.14432015176017,0.3877376991403612,M_06,H_06,0.2676329283492859,0.47639012410866965,True,4
demo_06_08,site_06_08,block_06,2023,spring,train,0.7214000237535801,0.5754482344173213,0.03,0.1,1,1.0,0.5286693579448218,0.6171457983011068,M_06,H_06,0.6443045630581947,0.5534181545413638,True,2
demo_06_09,site_06_09,block_06,2024,summer,train,0.4981244637214664,0.6113848080739811,0.13,0.03,1,1.0,0.4913520045376301,0.4624324436562926,M_06,H_06,0.55185662055402,0.4399758335092541,True,4
demo_06_10,site_06_10,block_06,2023,autumn,train,0.2571133721423185,0.3342686137455425,0.13,0.03,1,1.0,0.2504890969747195,0.4309407073882166,M_06,H_06,0.293163658186779,0.41372507980646267,True,4
demo_06_11,site_06_11,block_06,2024,winter,train,0.8614012982564524,0.9093312577564452,0.03,0.1,1,1.0,0.782052211239315,0.6695949463716024,M_06,H_06,0.8850418780919774,0.27946765873688806,True,1
demo_06_12,site_06_12,block_06,2023,spring,train,0.197891263461004,0.6643147768418853,0.03,0.1,1,1.0,0.1616095035990448,0.1493230000666631,M_06,H_06,0.36257701323312763,0.25773857479226575,True,4
demo_06_13,site_06_13,block_06,2024,summer,train,0.8627622780243167,0.7826087395251227,0.13,0.03,1,1.0,0.6587883802344243,0.5328654861764285,M_06,H_06,0.8217087676996235,0.4330784907033398,True,1
demo_06_14,site_06_14,block_06,2023,autumn,train,0.999,0.2366646196290344,0.13,0.03,1,1.0,0.6249838273820537,0.8542671159858751,M_06,H_06,0.48623857828169637,0.8732537116958591,True,2
demo_06_15,site_06_15,block_06,2024,winter,train,0.5130920925088407,0.4672252016668945,0.03,0.1,1,1.0,0.3819657076229904,0.4261664808518154,M_06,H_06,0.4896218504071606,0.5228408324841401,True,4
demo_06_16,site_06_16,block_06,2023,spring,train,0.7167187011121458,0.5844567496689699,0.03,0.1,1,1.0,0.6357274824531027,0.6332262003258142,M_06,H_06,0.6472179559305896,0.5457358506028124,True,2
demo_06_17,site_06_17,block_06,2024,summer,train,0.1350927317500631,0.2974032350207243,0.13,0.03,1,1.0,0.0965431797480385,0.3435838758864802,M_06,H_06,0.2004420501049011,0.308083943592988,True,4
demo_06_18,site_06_18,block_06,2023,autumn,train,0.3906478572941069,0.5917523248253909,0.13,0.03,1,1.0,0.0439220882100039,0.1748329705253355,M_06,H_06,0.4807980633715627,0.3993508226512894,True,4
demo_06_19,site_06_19,block_06,2024,winter,train,0.307193116872745,0.2802239389787617,0.03,0.1,1,1.0,0.051155435566657,0.3434444794165922,M_06,H_06,0.2933988160120004,0.47022361875548246,True,4
demo_06_20,site_06_20,block_06,2023,spring,train,0.7427780904880843,0.4883076518794558,0.03,0.1,1,1.0,0.587242871608985,0.5151969259376484,M_06,H_06,0.6022493048843995,0.6165013100183502,True,2
demo_06_21,site_06_21,block_06,2024,summer,train,0.2678642671901411,0.7852890131098722,0.13,0.03,0,1.0,0.240780339661521,,M_06,H_06,0.4586402359465914,0.0,False,3
demo_06_22,site_06_22,block_06,2023,autumn,train,0.8433536774909685,0.6245667439984631,0.13,0.03,1,1.0,0.6433408610867323,0.5997343323674404,M_06,H_06,0.7257621238323643,0.5626926488779681,True,2
demo_06_23,site_06_23,block_06,2024,winter,train,0.7791628038918751,0.1906710396518604,0.03,0.1,1,1.0,0.4896785726903781,0.7139851101721448,M_06,H_06,0.3854397253477156,0.7941026520644247,True,2
demo_07_00,site_07_00,block_07,2023,spring,train,0.6766496116314781,0.4670143741009494,0.03,0.1,1,1.0,0.5070752303450914,0.6467942408245048,M_07,H_07,0.5621433045600785,0.6005368571284804,True,4
demo_07_01,site_07_01,block_07,2024,summer,train,0.3850953253926793,0.5368339291638548,0.13,0.03,1,1.0,0.4490294032076921,0.4740464035438474,M_07,H_07,0.45467816819502693,0.42233054443112933,True,4
demo_07_02,site_07_02,block_07,2023,autumn,train,0.3334385056588735,0.729956610868654,0.13,0.03,1,1.0,0.3533041068056895,0.3065890904121668,M_07,H_07,0.49335143814917554,0.3000714317208716,True,3
demo_07_03,site_07_03,block_07,2024,winter,train,0.1565389378930454,0.9051593375939035,0.03,0.1,1,1.0,0.0826153184696956,0.1384440593474306,M_07,H_07,0.37642088322902884,0.12184521558979336,True,3
demo_07_04,site_07_04,block_07,2023,spring,train,0.4659460683839607,0.151596244306741,0.03,0.1,1,1.0,0.3040022569799495,0.5840768456704549,M_07,H_07,0.265773727099765,0.6287371425066761,True,4
demo_07_05,site_07_05,block_07,2024,summer,train,0.300834876462996,0.8118748980274645,0.13,0.03,1,1.0,0.223527342866238,0.2009848095469945,M_07,H_07,0.4942067225883312,0.23789617863996101,True,3
demo_07_06,site_07_06,block_07,2023,autumn,train,0.5059646636626777,0.6330750780206184,0.13,0.03,1,1.0,0.2602273829707993,0.3835752918439274,M_07,H_07,0.5659625596485386,0.43087242281068777,True,4
demo_07_07,site_07_07,block_07,2024,winter,train,0.732129612866697,0.128838134684662,0.03,0.1,1,1.0,0.5020092697564829,0.7114562352069403,M_07,H_07,0.30712572941573774,0.7986259444806111,True,2
demo_07_08,site_07_08,block_07,2023,spring,train,0.7466883590506546,0.4238964919328665,0.03,0.1,1,1.0,0.6075247268335108,0.6982577843817742,M_07,H_07,0.562599836445658,0.6558732980400814,True,2
demo_07_09,site_07_09,block_07,2024,summer,train,0.2472745054398686,0.1995270099467777,0.13,0.03,1,1.0,0.1928050010504718,0.4747794423397223,M_07,H_07,0.22212145935610364,0.44490062118790463,True,4
demo_07_10,site_07_10,block_07,2023,autumn,train,0.5188999892872578,0.2365550316450465,0.13,0.03,1,1.0,0.2930750875789254,0.5608780857693652,M_07,H_07,0.3503546822670728,0.6294057402826863,True,4
demo_07_11,site_07_11,block_07,2024,winter,train,0.2831806970238225,0.932982278912294,0.03,0.1,1,1.0,0.2734879871181514,0.1783223663945245,M_07,H_07,0.5140063930081588,0.13776111559712598,True,3
demo_07_12,site_07_12,block_07,2023,spring,train,0.644886388219474,0.4020871528886514,0.03,0.1,1,1.0,0.3490631286245891,0.6100395307698506,M_07,H_07,0.509215604411151,0.6209555994140484,True,4
demo_07_13,site_07_13,block_07,2024,summer,train,0.487498922204175,0.4907445475666062,0.13,0.03,1,1.0,0.3071730496144221,0.4504199875290587,M_07,H_07,0.4891190427864121,0.4982584511956411,True,4
demo_07_14,site_07_14,block_07,2023,autumn,train,0.2731224464563548,0.3899091445149708,0.13,0.03,1,1.0,0.1138616915089326,0.3487851861546859,M_07,H_07,0.3263325595855142,0.40820277682877365,True,4
demo_07_15,site_07_15,block_07,2024,winter,train,0.7987690590221852,0.2123971195583016,0.03,0.1,0,1.0,0.5428296296427914,,M_07,H_07,0.4118934902721905,0.0,False,5
demo_07_16,site_07_16,block_07,2023,spring,train,0.8361192329029984,0.4727548648148874,0.03,0.1,1,1.0,0.6563158024208942,0.6702371123206384,M_07,H_07,0.6287125216823539,0.6639576778551582,True,2
demo_07_17,site_07_17,block_07,2024,summer,train,0.7278491911140164,0.2630020902778779,0.13,0.03,0,1.0,0.4327878879320265,,M_07,H_07,0.4375224093347093,0.0,False,5
demo_07_18,site_07_18,block_07,2023,autumn,train,0.7414153355004074,0.5752355308582462,0.13,0.03,1,1.0,0.6825284006657041,0.6199870327775749,M_07,H_07,0.653060827261153,0.5611834739168517,True,2
demo_07_19,site_07_19,block_07,2024,winter,train,0.5173107692573576,0.2286261633380116,0.03,0.1,1,1.0,0.2817923850405617,0.5569014721106247,M_07,H_07,0.3439051852309661,0.6316961238036946,True,4
demo_07_20,site_07_20,block_07,2023,spring,train,0.3551927789436989,0.7303816089129803,0.03,0.1,1,1.0,0.3812909836215947,0.3146952634821536,M_07,H_07,0.5093390554033446,0.3094616383084139,True,3
demo_07_21,site_07_21,block_07,2024,summer,train,0.378220343900943,0.6533895943933355,0.13,0.03,1,1.0,0.3434006282782797,0.352760888150648,M_07,H_07,0.4971169249711229,0.362070582632997,True,4
demo_07_22,site_07_22,block_07,2023,autumn,train,0.5334873284833465,0.2644020866108201,0.13,0.03,1,1.0,0.1733431722602511,0.4429739821601995,M_07,H_07,0.3755731124979913,0.6264440642642547,True,4
demo_07_23,site_07_23,block_07,2024,winter,train,0.6499861480774295,0.4776429700539641,0.03,0.1,1,1.0,0.4782539966529112,0.5143380725229844,M_07,H_07,0.557190554713232,0.5826875953852032,True,4
demo_08_00,site_08_00,block_08,2023,spring,train,0.2686318940348855,0.8098881974980399,0.03,0.1,1,1.0,0.1426274857671566,0.1681645024262139,M_08,H_08,0.46643520498607083,0.22598693233124703,True,3
demo_08_01,site_08_01,block_08,2024,summer,train,0.7578555693679653,0.8571577253854912,0.13,0.03,1,1.0,0.7964161620667874,0.6668100603359128,M_08,H_08,0.8059787565501783,0.3290194726118712,True,1
demo_08_02,site_08_02,block_08,2023,autumn,train,0.0906500983430285,0.5531881816633167,0.13,0.03,0,1.0,0.0305167773080927,,M_08,H_08,0.2239342829268908,0.0,False,4
demo_08_03,site_08_03,block_08,2024,winter,train,0.8318081448857355,0.999,0.03,0.1,1,1.0,0.7515807484999897,0.5220871967761436,M_08,H_08,0.9115790348295916,0.028841084322295103,True,1
demo_08_04,site_08_04,block_08,2023,spring,train,0.260811327118949,0.6171326407183955,0.03,0.1,1,1.0,0.1255789474002495,0.2709972702959023,M_08,H_08,0.40119220211039275,0.3160002279821373,True,4
demo_08_05,site_08_05,block_08,2024,summer,train,0.999,0.7202898108782361,0.13,0.03,1,1.0,0.7252166713681746,0.6572908271441281,M_08,H_08,0.848274437353477,0.5286118414608607,True,1
demo_08_06,site_08_06,block_08,2023,autumn,train,0.6664889440788364,0.3292625709013601,0.13,0.03,1,1.0,0.4834897982986165,0.6409996103296166,M_08,H_08,0.46845476110797557,0.6686098121281993,True,4
demo_08_07,site_08_07,block_08,2024,winter,train,0.4668748511248721,0.4877222367701696,0.03,0.1,1,1.0,0.4106937530582463,0.5200584247628735,M_08,H_08,0.47718470918750383,0.48904969526880343,True,4
demo_08_08,site_08_08,block_08,2023,spring,train,0.448257877361387,0.5555751335103469,0.03,0.1,0,1.0,0.3295243078733848,,M_08,H_08,0.49904000847839575,0.0,False,4
demo_08_09,site_08_09,block_08,2024,summer,train,0.999,0.4893004253562402,0.13,0.03,1,1.0,0.6408244631148133,0.7077461817822952,M_08,H_08,0.6991502878000437,0.714275069611922,True,2
demo_08_10,site_08_10,block_08,2023,autumn,train,0.5048150499711004,0.2290541255396178,0.13,0.03,0,1.0,0.2770195491620965,,M_08,H_08,0.3400440704237744,0.0,False,4
demo_08_11,site_08_11,block_08,2024,winter,train,0.3158854479187976,0.4599791858854739,0.03,0.1,1,1.0,0.1655201035130913,0.325320625023785,M_08,H_08,0.381183330127062,0.41301902710654964,True,4
demo_08_12,site_08_12,block_08,2023,spring,train,0.6716862224406992,0.3939249742012389,0.03,0.1,0,1.0,0.426546417252203,,M_08,H_08,0.5143869922988722,0.0,False,4
demo_08_13,site_08_13,block_08,2024,summer,train,0.999,0.6408659312297051,0.13,0.03,1,1.0,0.701328035865258,0.6460253327439829,M_08,H_08,0.8001406534469271,0.5989782422605386,True,2
demo_08_14,site_08_14,block_08,2023,autumn,train,0.6092337872526083,0.5679289827261322,0.13,0.03,1,1.0,0.5330037361987087,0.5403612227165804,M_08,H_08,0.5882189431128197,0.5130616553747177,True,4
demo_08_15,site_08_15,block_08,2024,winter,train,0.1485963365090626,0.426919565970087,0.03,0.1,1,1.0,0.1177487850403245,0.2459357555846283,M_08,H_08,0.25187037040349547,0.2918178421924687,True,4
demo_08_16,site_08_16,block_08,2023,spring,train,0.4998007083310379,0.6339242636227315,0.03,0.1,1,1.0,0.3880123618788443,0.3863168242809281,M_08,H_08,0.5628816891557876,0.42774397990406027,True,4
demo_08_17,site_08_17,block_08,2024,summer,train,0.9328854852041109,0.5686017105055781,0.13,0.03,0,1.0,0.7071837225025956,,M_08,H_08,0.7283133134804578,0.0,False,5
demo_08_18,site_08_18,block_08,2023,autumn,train,0.9549564655024552,0.6111443384980897,0.13,0.03,1,1.0,0.5827959978145353,0.6358693120208632,M_08,H_08,0.7639477975647104,0.6093769179239426,True,2
demo_08_19,site_08_19,block_08,2024,winter,train,0.6449427108621423,0.0980286188119794,0.03,0.1,1,1.0,0.3932986311961441,0.6532859141983818,M_08,H_08,0.2514415302981383,0.7627056232279087,True,4
demo_08_20,site_08_20,block_08,2023,spring,train,0.490588340798842,0.523680934713699,0.03,0.1,1,1.0,0.3594615953364863,0.3680544961587275,M_08,H_08,0.5068646376195328,0.48340105495298796,True,4
demo_08_21,site_08_21,block_08,2024,summer,train,0.999,0.7231436290544404,0.13,0.03,1,1.0,0.7433009138383609,0.5648784000587758,M_08,H_08,0.8499532254338388,0.5259082758187154,True,1
demo_08_22,site_08_22,block_08,2023,autumn,train,0.6553093901569929,0.2400663621375109,0.13,0.03,1,1.0,0.3394436727342781,0.5706537552301163,M_08,H_08,0.3966330059003412,0.7056852335053163,True,4
demo_08_23,site_08_23,block_08,2024,winter,train,0.2339956467037695,0.6736908749457113,0.03,0.1,1,1.0,0.1642146785965369,0.2175840652334656,M_08,H_08,0.39703996267548436,0.2763239308174728,True,4
demo_09_00,site_09_00,block_09,2023,spring,train,0.4894197858020376,0.2894274001004899,0.03,0.1,1,1.0,0.2875380491039822,0.521613095714526,M_09,H_09,0.37636617297842057,0.5897188225244427,True,4
demo_09_01,site_09_01,block_09,2024,summer,train,0.414176237567293,0.8371238106888463,0.13,0.03,1,1.0,0.3377570751907663,0.3182438087279337,M_09,H_09,0.5888266215866104,0.2597295656604996,True,3
demo_09_02,site_09_02,block_09,2023,autumn,train,0.1377166750721681,0.8154237264755368,0.13,0.03,1,1.0,0.3047411117577174,0.2727890768890337,M_09,H_09,0.33510810850405864,0.15943409512083706,True,3
demo_09_03,site_09_03,block_09,2024,winter,train,0.7471121295064792,0.5280392856139097,0.03,0.1,1,1.0,0.6666151963414962,0.6217631156776418,M_09,H_09,0.6280959760562775,0.5938076914021838,True,2
demo_09_04,site_09_04,block_09,2023,spring,train,0.7501571274957566,0.4071292136082749,0.03,0.1,0,1.0,0.6339987488144305,,M_09,H_09,0.552639920201201,0.0,False,5
demo_09_05,site_09_05,block_09,2024,summer,train,0.3285753113528972,0.5246232072094876,0.13,0.03,1,1.0,0.3289027437985303,0.3886938566027357,M_09,H_09,0.41518457781065626,0.39521775985029356,True,4
demo_09_06,site_09_06,block_09,2023,autumn,train,0.8012467449345333,0.1994846573581455,0.13,0.03,1,1.0,0.5667612748973568,0.7332532653754088,M_09,H_09,0.39979548818439004,0.8008809602943114,True,2
demo_09_07,site_09_07,block_09,2024,winter,train,0.6084008398896306,0.0852528163231151,0.03,0.1,1,1.0,0.3292053719174638,0.583181793670654,M_09,H_09,0.22774521960721733,0.7460113637443406,True,4
demo_09_08,site_09_08,block_09,2023,spring,train,0.1798623335096677,0.3117492728236932,0.03,0.1,1,1.0,0.0,0.2899191647101047,M_09,H_09,0.23679516819397198,0.3518385735385707,True,4
demo_09_09,site_09_09,block_09,2024,summer,train,0.595543334405825,0.6869657428773132,0.13,0.03,1,1.0,0.6259508270249275,0.5606081900652832,M_09,H_09,0.639623224356128,0.4317701532877131,True,4
demo_09_10,site_09_10,block_09,2023,autumn,train,0.3621360341468119,0.2173096680722903,0.13,0.03,1,1.0,0.1473639260758067,0.4579540186791314,M_09,H_09,0.2805274699159768,0.5323911839703515,True,4
demo_09_11,site_09_11,block_09,2024,winter,train,0.746594954717357,0.4140020169106021,0.03,0.1,0,1.0,0.55150772621017,,M_09,H_09,0.5559602657279255,0.0,False,5
demo_09_12,site_09_12,block_09,2023,spring,train,0.1842429170970506,0.5928940004258455,0.03,0.1,0,1.0,0.1131674077489108,,M_09,H_09,0.3305094857455648,0.0,False,4
demo_09_13,site_09_13,block_09,2024,summer,train,0.2442150486516764,0.7632217018232629,0.13,0.03,1,1.0,0.3235201256712252,0.3027016643943964,M_09,H_09,0.43172934234631705,0.24046792636210967,True,3
demo_09_14,site_09_14,block_09,2023,autumn,train,0.8621992738923063,0.1789151925104466,0.13,0.03,1,1.0,0.4346107064866295,0.6643695574201465,M_09,H_09,0.39276016736783437,0.8413909464817749,True,2
demo_09_15,site_09_15,block_09,2024,winter,train,0.7440362923930748,0.8831607363132055,0.03,0.1,1,1.0,0.6581396822344753,0.4545542280975133,M_09,H_09,0.8106192940176142,0.29484343736881685,True,1
demo_09_16,site_09_16,block_09,2023,spring,train,0.7318861636592937,0.2717212368553851,0.03,0.1,1,1.0,0.4995414425831152,0.7007955867721883,M_09,H_09,0.44594732158276956,0.7300802353388617,True,2
demo_09_17,site_09_17,block_09,2024,summer,train,0.7407101135142143,0.6360845230193147,0.13,0.03,1,1.0,0.7740455963250514,0.6112046514393925,M_09,H_09,0.6864067593273477,0.5191877061949203,True,2
demo_09_18,site_09_18,block_09,2023,autumn,train,0.3155015188639143,0.3991140664689304,0.13,0.03,1,1.0,0.4537119478654294,0.5898996392355575,M_09,H_09,0.35485362358428973,0.43540834247062093,True,4
demo_09_19,site_09_19,block_09,2024,winter,train,0.1958747751479176,0.3203755340842252,0.03,0.1,1,1.0,0.0,0.2813260115209275,M_09,H_09,0.2505064584030552,0.3648579030886901,True,4
demo_09_20,site_09_20,block_09,2023,spring,train,0.7915947934204207,0.4399856408837074,0.03,0.1,1,1.0,0.6631798208879481,0.726547793488917,M_09,H_09,0.5901612851613445,0.6658111225543855,True,2
demo_09_21,site_09_21,block_09,2024,summer,train,0.6840421115706546,0.7340120214330125,0.13,0.03,1,1.0,0.6049533299944201,0.4928827192755998,M_09,H_09,0.7085867152715203,0.42655243348429295,True,3
demo_09_22,site_09_22,block_09,2023,autumn,train,0.3943414254364704,0.3415088576231452,0.13,0.03,1,1.0,0.2439441408224723,0.4925598727071907,M_09,H_09,0.3669755982545593,0.509578586404667,True,4
demo_09_23,site_09_23,block_09,2024,winter,train,0.367350322376613,0.2327333991025073,0.03,0.1,1,1.0,0.0698174807326512,0.3754381798044403,M_09,H_09,0.292394748906527,0.5309007752758532,True,4
demo_10_00,site_10_00,block_10,2023,spring,train,0.6195809387994151,0.596494804917485,0.03,0.1,1,1.0,0.5090217584340458,0.4976382473302808,M_10,H_10,0.6079282944720942,0.500004127562629,True,4
demo_10_01,site_10_01,block_10,2024,summer,train,0.6976463288162835,0.5838346930107168,0.13,0.03,1,1.0,0.5579980311546251,0.5746420303000012,M_10,H_10,0.6382085319192375,0.5388285428610617,True,4
demo_10_02,site_10_02,block_10,2023,autumn,train,0.4632779283440577,0.4226121601971948,0.13,0.03,1,1.0,0.4060752669541091,0.5332072987481086,M_10,H_10,0.4424781193111852,0.5171953618072133,True,4
demo_10_03,site_10_03,block_10,2024,winter,train,0.512593791240509,0.949548270400272,0.03,0.1,0,1.0,0.4730614227653644,,M_10,H_10,0.6976622018501099,0.0,False,3
demo_10_04,site_10_04,block_10,2023,spring,train,0.2019868847981336,0.2498005656988596,0.03,0.1,1,1.0,0.0239741381956356,0.2412368850225449,M_10,H_10,0.22462510564566054,0.38926911862079355,True,4
demo_10_05,site_10_05,block_10,2024,summer,train,0.3958968904136586,0.3391504593990095,0.13,0.03,0,1.0,0.4105008182031224,,M_10,H_10,0.3664268170568738,0.0,False,4
demo_10_06,site_10_06,block_10,2023,autumn,train,0.6513784762720494,0.4094633554618783,0.13,0.03,1,1.0,0.4347248849775687,0.6220139607704519,M_10,H_10,0.5164451728596161,0.620211947403507,True,4
demo_10_07,site_10_07,block_10,2024,winter,train,0.7690217448690613,0.3438095064318452,0.03,0.1,1,1.0,0.5324233104776592,0.735243162051837,M_10,H_10,0.514195475027531,0.7103694519968274,True,2
demo_10_08,site_10_08,block_10,2023,spring,train,0.7818356197858723,0.6015513996766506,0.03,0.1,0,1.0,0.7139458247615496,,M_10,H_10,0.6857946568756956,0.0,False,5
demo_10_09,site_10_09,block_10,2024,summer,train,0.8821984007236495,0.8501372032450982,0.13,0.03,1,1.0,0.7941486961420863,0.5819289578726111,M_10,H_10,0.8660194461433888,0.36360516996482284,True,1
demo_10_10,site_10_10,block_10,2023,autumn,train,0.9140671776551328,0.4117457665826185,0.13,0.03,1,1.0,0.6111242153647193,0.6411615364348167,M_10,H_10,0.6134845481115423,0.7332829514474679,True,2
demo_10_11,site_10_11,block_10,2024,winter,train,0.2973916502966713,0.2106263291007894,0.03,0.1,1,1.0,0.1034852972578838,0.3375761455944967,M_10,H_10,0.2502768699005435,0.4845133008385402,True,4
demo_10_12,site_10_12,block_10,2023,spring,train,0.6807415805339367,0.2223494331283314,0.03,0.1,1,1.0,0.4286794679395643,0.6334812254567461,M_10,H_10,0.3890533440784248,0.7275844115945116,True,4
demo_10_13,site_10_13,block_10,2024,summer,train,0.999,0.7619258416008761,0.13,0.03,1,1.0,0.6830564636724248,0.6415847783111333,M_10,H_10,0.8724470847904044,0.48768441049589106,True,1
demo_10_14,site_10_14,block_10,2023,autumn,train,0.4715232525048013,0.7746173676763456,0.13,0.03,1,1.0,0.5007863463203981,0.4118320926819648,M_10,H_10,0.6043592480085483,0.3259956316445717,True,3
demo_10_15,site_10_15,block_10,2024,winter,train,0.4409637615439935,0.8473303026741794,0.03,0.1,1,1.0,0.4132251372419441,0.2874012681237412,M_10,H_10,0.6112625929479217,0.25946445615262376,True,3
demo_10_16,site_10_16,block_10,2023,spring,train,0.5065603143342756,0.4384225491518737,0.03,0.1,1,1.0,0.389360849046483,0.4431628169402106,M_10,H_10,0.4712615667647931,0.5333599628999801,True,4
demo_10_17,site_10_17,block_10,2024,summer,train,0.780419845962346,0.886947575240358,0.13,0.03,1,1.0,0.6219132694863156,0.4146021993369529,M_10,H_10,0.8319804625384881,0.29703258393076926,True,1
demo_10_18,site_10_18,block_10,2023,autumn,train,0.8517564047464647,0.5929105945014348,0.13,0.03,0,1.0,0.7125798363799,,M_10,H_10,0.7106443528999798,0.0,False,5
demo_10_19,site_10_19,block_10,2024,winter,train,0.6969505157719673,0.3418053418303684,0.03,0.1,1,1.0,0.5139955131521698,0.632468758079575,M_10,H_10,0.4880793063450743,0.6772954351608156,True,4
demo_10_20,site_10_20,block_10,2023,spring,train,0.5535527589653313,0.719684182483478,0.03,0.1,1,1.0,0.4902876506441305,0.4656283269565207,M_10,H_10,0.6311760172863337,0.3939157196252684,True,3
demo_10_21,site_10_21,block_10,2024,summer,train,0.5557454473976711,0.3700091046517217,0.13,0.03,1,1.0,0.3580649912318809,0.4589081200819353,M_10,H_10,0.45346540706638555,0.5917048013932186,True,4
demo_10_22,site_10_22,block_10,2023,autumn,train,0.3153596595624476,0.4288931098109249,0.13,0.03,1,1.0,0.2195727795762016,0.3702190313191064,M_10,H_10,0.3677711042192585,0.424386703919662,True,4
demo_10_23,site_10_23,block_10,2024,winter,train,0.857527981325367,0.9137714643945688,0.03,0.1,1,1.0,0.745545532962479,0.5834724446516079,M_10,H_10,0.885203140106834,0.2719253244373682,True,1
demo_11_00,site_11_00,block_11,2023,spring,train,0.8816721101898283,0.3227791822243591,0.03,0.1,1,1.0,0.6573545158979294,0.7916382396259265,M_11,H_11,0.5334654653462563,0.7727138587295627,True,2
demo_11_01,site_11_01,block_11,2024,summer,train,0.4476103307777969,0.4543870289045789,0.13,0.03,1,1.0,0.3526956305131555,0.5205307327042457,M_11,H_11,0.4509859513434082,0.4941882257487303,True,4
demo_11_02,site_11_02,block_11,2023,autumn,train,0.1504930349839711,0.2923978396966694,0.13,0.03,1,1.0,0.0712279747098004,0.3182333488087731,M_11,H_11,0.209770918667742,0.32632682492443477,True,4
demo_11_03,site_11_03,block_11,2024,winter,train,0.4020340913028751,0.7075516397753575,0.03,0.1,0,1.0,0.3183130333850558,,M_11,H_11,0.5333478044831018,0.0,False,3
demo_11_04,site_11_04,block_11,2023,spring,train,0.1431025694338573,0.4463992435745663,0.03,0.1,1,1.0,0.0,0.2481983067880396,M_11,H_11,0.25274666911524424,0.2814634801977097,True,4
demo_11_05,site_11_05,block_11,2024,summer,train,0.6897804581227273,0.2811442518224135,0.13,0.03,1,1.0,0.5202639129754748,0.688522907027663,M_11,H_11,0.4403723547415707,0.7041680533097845,True,4
demo_11_06,site_11_06,block_11,2023,autumn,train,0.068317735391199,0.4595845202160117,0.13,0.03,1,1.0,0.1325063271222167,0.3036692701237377,M_11,H_11,0.17719416932283247,0.19214567845567165,True,4
demo_11_07,site_11_07,block_11,2024,winter,train,0.4899033957604135,0.658659004911044,0.03,0.1,1,1.0,0.3490352653477919,0.424866765681476,M_11,H_11,0.5680486626637681,0.40893044959542707,True,4
demo_11_08,site_11_08,block_11,2023,spring,train,0.4924942762426008,0.5513566677248614,0.03,0.1,1,1.0,0.285887417536015,0.4561915680486527,M_11,H_11,0.521095003835853,0.47005773392202904,True,4
demo_11_09,site_11_09,block_11,2024,summer,train,0.3003836360778925,0.4909995805330638,0.13,0.03,1,1.0,0.2904017032874636,0.4537925158570695,M_11,H_11,0.3840419759782018,0.3910184097515752,True,4
demo_11_10,site_11_10,block_11,2023,autumn,train,0.2702968385607527,0.3408334395901335,0.13,0.03,1,1.0,0.0865811074037386,0.3839062719978602,M_11,H_11,0.30352298297987323,0.4221026384231119,True,4
demo_11_11,site_11_11,block_11,2024,winter,train,0.8219757252189202,0.9435216629404322,0.03,0.1,1,1.0,0.7806330153346361,0.5603052257776208,M_11,H_11,0.8806542472248818,0.21546188076710204,True,1
demo_11_12,site_11_12,block_11,2023,spring,train,0.2470328617452122,0.2727193106156204,0.03,0.1,1,1.0,0.058254386664452,0.2361058551335185,M_11,H_11,0.2595585324248812,0.42386581602041706,True,4
demo_11_13,site_11_13,block_11,2024,summer,train,0.6854711462521307,0.8125659903259442,0.13,0.03,1,1.0,0.6461722265059846,0.4293433045188161,M_11,H_11,0.7463179890597725,0.3584419136455835,True,3
demo_11_14,site_11_14,block_11,2023,autumn,train,0.8055432048749096,0.3604510489888707,0.13,0.03,1,1.0,0.6808028958690469,0.761595955471195,M_11,H_11,0.5388496016543187,0.7177634092595495,True,2
demo_11_15,site_11_15,block_11,2024,winter,train,0.6682671434275828,0.6697370047013916,0.03,0.1,1,1.0,0.6315179534453463,0.5052145502277361,M_11,H_11,0.669001670386214,0.4697913456504262,True,4
demo_11_16,site_11_16,block_11,2023,spring,train,0.7731170655259866,0.6447423187714963,0.03,0.1,1,1.0,0.6847238034336978,0.5598989572254965,M_11,H_11,0.706017910189989,0.5240761166251969,True,2
demo_11_17,site_11_17,block_11,2024,summer,train,0.1736781038548035,0.8313674828795453,0.13,0.03,1,1.0,0.3975794598741042,0.2727248377819747,M_11,H_11,0.3799872735146011,0.1711367167551816,True,3
demo_11_18,site_11_18,block_11,2023,autumn,train,0.4582650636314488,0.314331777679314,0.13,0.03,1,1.0,0.3547390046896425,0.5073441693240739,M_11,H_11,0.3795356005694291,0.5605513281866805,True,4
demo_11_19,site_11_19,block_11,2024,winter,train,0.5194225886432972,0.7927080499577039,0.03,0.1,0,1.0,0.431259123998693,,M_11,H_11,0.6416778532467914,0.0,False,3
demo_11_20,site_11_20,block_11,2023,spring,train,0.5284733498135702,0.4760880312578379,0.03,0.1,0,1.0,0.3492174268038828,,M_11,H_11,0.5015972853644418,0.0,False,4
demo_11_21,site_11_21,block_11,2024,summer,train,0.6511424593030065,0.8079023024313112,0.13,0.03,1,1.0,0.559384913349139,0.4789619934748224,M_11,H_11,0.7252995878129845,0.35367070449970994,True,3
demo_11_22,site_11_22,block_11,2023,autumn,train,0.33230488490985,0.504441837298098,0.13,0.03,1,1.0,0.2713121211010535,0.3869330864947396,M_11,H_11,0.40942457997420934,0.4058033984860061,True,4
demo_11_23,site_11_23,block_11,2024,winter,train,0.234842956029002,0.3906610566512267,0.03,0.1,1,1.0,0.0693219603031715,0.3143735738049215,M_11,H_11,0.3028927159067835,0.3782842300170792,True,4
demo_12_00,site_12_00,block_12,2023,spring,validation,0.707063689767903,0.5004877367070671,0.03,0.1,0,1.0,0.5395935652052648,,M_outer,H_outer,0.5948753699723041,0.0,False,5
demo_12_01,site_12_01,block_12,2024,summer,validation,0.4201970627755134,0.6836976141878768,0.13,0.03,1,1.0,0.1959078784012026,0.2295887260979112,M_outer,H_outer,0.5359922847470586,0.3645673236415209,True,4
demo_12_02,site_12_02,block_12,2023,autumn,validation,0.5261636338815636,0.2135693942037171,0.13,0.03,1,1.0,0.2966038758518433,0.5469420218250629,M_outer,H_outer,0.335220000208985,0.6432660299918314,True,4
demo_12_03,site_12_03,block_12,2024,winter,validation,0.2292031672097596,0.5966142267972615,0.03,0.1,1,1.0,0.1256971604895291,0.2232194116252828,M_outer,H_outer,0.36979165807834846,0.3040679148240166,True,4
demo_12_04,site_12_04,block_12,2023,spring,validation,0.7645196783700995,0.7171515077912629,0.03,0.1,1,1.0,0.6493624722481487,0.5577488680964838,M_outer,H_outer,0.7404569130470781,0.46501961065195013,True,1
demo_12_05,site_12_05,block_12,2024,summer,validation,0.2341357291020266,0.7193133995573817,0.13,0.03,1,1.0,0.1913796129724327,0.2473247773089535,M_outer,H_outer,0.4103863633921392,0.25635670820909223,True,3
demo_12_06,site_12_06,block_12,2023,autumn,validation,0.5466180704818403,0.6746657718706413,0.13,0.03,1,1.0,0.5652123386412341,0.502961850621566,M_outer,H_outer,0.6072762982696356,0.4217031752806338,True,4
demo_12_07,site_12_07,block_12,2024,winter,validation,0.7968943765082758,0.3770201830348216,0.03,0.1,1,1.0,0.6206909005643017,0.6496407621276937,M_outer,H_outer,0.5481288750746216,0.70459145099675,True,2
demo_12_08,site_12_08,block_12,2023,spring,validation,0.1949289995648275,0.6733246202085265,0.03,0.1,1,1.0,0.1790109480330155,0.2128128751556559,M_outer,H_outer,0.36228510126641356,0.2523460024751968,True,4
demo_12_09,site_12_09,block_12,2024,summer,validation,0.6336094516578281,0.1988626815228446,0.13,0.03,1,1.0,0.4804468074178846,0.6772732842189995,M_outer,H_outer,0.3549665823636006,0.7124662638068789,True,4
demo_12_10,site_12_10,block_12,2023,autumn,validation,0.4185399401475383,0.8317519652282557,0.13,0.03,0,1.0,0.5580917390167814,,M_outer,H_outer,0.5900181503515222,0.0,False,3
demo_12_11,site_12_11,block_12,2024,winter,validation,0.3588250182860676,0.6623665797466565,0.03,0.1,1,1.0,0.2951048708256159,0.1967428634641703,M_outer,H_outer,0.487517897199348,0.3480679792747295,True,4
demo_12_12,site_12_12,block_12,2023,spring,validation,0.426777412902921,0.9157159389247316,0.03,0.1,1,1.0,0.3458247745764699,0.2405726168330386,M_outer,H_outer,0.6251454865615412,0.1896589927597815,True,3
demo_12_13,site_12_13,block_12,2024,summer,validation,0.6048604567804794,0.5316158676375248,0.13,0.03,1,1.0,0.3614241330394429,0.4710203915136519,M_outer,H_outer,0.5670568018558495,0.5322659487976807,True,4
demo_12_14,site_12_14,block_12,2023,autumn,validation,0.2376727326290159,0.4089581368691838,0.13,0.03,1,1.0,0.3066745014300989,0.4981387364228621,M_outer,H_outer,0.3117662552627689,0.3747993259178115,True,4
demo_12_15,site_12_15,block_12,2024,winter,validation,0.6991034744948121,0.9756120104936188,0.03,0.1,1,1.0,0.6201078008318199,0.5163393494227193,M_outer,H_outer,0.8258654529007482,0.13057460779130883,True,3
demo_12_16,site_12_16,block_12,2023,spring,validation,0.8042766235169992,0.8521437993573201,0.03,0.1,0,1.0,0.7017581795084661,,M_outer,H_outer,0.8278643232426752,0.0,False,1
demo_12_17,site_12_17,block_12,2024,summer,validation,0.543199383699021,0.6192323227997457,0.13,0.03,1,1.0,0.3216797320999017,0.380809507907809,M_outer,H_outer,0.5799712200715955,0.45478870653050074,True,4
demo_12_18,site_12_18,block_12,2023,autumn,validation,0.8086569654495575,0.5920310296170496,0.13,0.03,1,1.0,0.3982162316514965,0.4320804761181751,M_outer,H_outer,0.691917636617322,0.5743752689552859,True,2
demo_12_19,site_12_19,block_12,2024,winter,validation,0.4673766126302995,0.2427329480530425,0.03,0.1,1,1.0,0.2649170620260044,0.5369048385877307,M_outer,H_outer,0.3368199860976149,0.594919246280957,True,4
demo_12_20,site_12_20,block_12,2023,spring,validation,0.2594658672954025,0.4982081633903197,0.03,0.1,1,1.0,0.1515938705259144,0.2803302052053601,M_outer,H_outer,0.3595386115672681,0.3608293974826381,True,4
demo_12_21,site_12_21,block_12,2024,summer,validation,0.3646879746476501,0.4942372739763402,0.13,0.03,1,1.0,0.087304989192654,0.2496028920750596,M_outer,H_outer,0.42454963248342026,0.42947128449506705,True,4
demo_12_22,site_12_22,block_12,2023,autumn,validation,0.5579735891303788,0.7375216394805814,0.13,0.03,1,1.0,0.4501212103686831,0.3807874069390656,M_outer,H_outer,0.6414963727429027,0.38269569227792144,True,3
demo_12_23,site_12_23,block_12,2024,winter,validation,0.3644328310012152,0.6185960826587669,0.03,0.1,1,1.0,0.2602766905204686,0.3604567447988424,M_outer,H_outer,0.47480177089981046,0.3728218198437681,True,4
demo_13_00,site_13_00,block_13,2023,spring,validation,0.4851594259066491,0.1918874293232533,0.03,0.1,1,1.0,0.3231010977565949,0.6063055902535545,M_outer,H_outer,0.3051163631291713,0.6261496872613423,True,4
demo_13_01,site_13_01,block_13,2024,summer,validation,0.4224395004213075,0.5978107950889096,0.13,0.03,1,1.0,0.2820004138321677,0.3345857969834416,M_outer,H_outer,0.5025324801680221,0.4121900129763989,True,4
demo_13_02,site_13_02,block_13,2023,autumn,validation,0.001,0.8437252928940558,0.13,0.03,1,1.0,0.1576240204750071,0.1771984973377794,M_outer,H_outer,0.029046949803620617,0.01250098824517263,True,3
demo_13_03,site_13_03,block_13,2024,winter,validation,0.715399902385336,0.3584702385605224,0.03,0.1,1,1.0,0.4792106628089,0.6504374064994762,M_outer,H_outer,0.5064085047412276,0.6774587284190012,True,2
demo_13_04,site_13_04,block_13,2023,spring,validation,0.1982449236908856,0.6434545850096461,0.03,0.1,1,1.0,0.1039934566022322,0.1994263849004013,M_outer,H_outer,0.357157675409318,0.2658633457005644,True,4
demo_13_05,site_13_05,block_13,2024,summer,validation,0.5180936666277807,0.6909665441435426,0.13,0.03,1,1.0,0.3178398325328593,0.3534127007623631,M_outer,H_outer,0.5983188032917354,0.4001353224289583,True,4
demo_13_06,site_13_06,block_13,2023,autumn,validation,0.6385768341705989,0.2917096615193629,0.13,0.03,1,1.0,0.3322122261219462,0.5687513761692788,M_outer,H_outer,0.431600546976034,0.6725308929860302,True,4
demo_13_07,site_13_07,block_13,2024,winter,validation,0.4870887225803137,0.7709383192420152,0.03,0.1,1,1.0,0.4031675979451755,0.3373712197776849,M_outer,H_outer,0.6127930818047861,0.33402598921716625,True,3
demo_13_08,site_13_08,block_13,2023,spring,validation,0.7529507649772068,0.4829083279894202,0.03,0.1,1,1.0,0.5902239550069125,0.6706457580689981,M_outer,H_outer,0.6029976741028923,0.6239748151998676,True,2
demo_13_09,site_13_09,block_13,2024,summer,validation,0.4203740409416561,0.7105717213060276,0.13,0.03,1,1.0,0.5241522814065693,0.4219184552419861,M_outer,H_outer,0.546539939861931,0.3488095971692479,True,3
demo_13_10,site_13_10,block_13,2023,autumn,validation,0.5493940942313337,0.7483904027000365,0.13,0.03,1,1.0,0.5465006231407025,0.48704138194134,M_outer,H_outer,0.6412185800667426,0.37179675470413137,True,3
demo_13_11,site_13_11,block_13,2024,winter,validation,0.8412749689147778,0.2456377886824077,0.03,0.1,1,1.0,0.6305809814317304,0.7625783509114406,M_outer,H_outer,0.45458654075773874,0.7966341982846898,True,2
demo_13_12,site_13_12,block_13,2023,spring,validation,0.2113405018378037,0.659463414868158,0.03,0.1,1,1.0,0.1857993353860942,0.0783272420823281,M_outer,H_outer,0.373324696533605,0.26827070804673303,True,4
demo_13_13,site_13_13,block_13,2024,summer,validation,0.5456383938235161,0.6017814309366463,0.13,0.03,1,1.0,0.3761813403485514,0.3839498886590847,M_outer,H_outer,0.5730227337628838,0.46613661132164597,True,4
demo_13_14,site_13_14,block_13,2023,autumn,validation,0.2957938944515586,0.6245239539151044,0.13,0.03,1,1.0,0.1077428880478791,0.2198893573026575,M_outer,H_outer,0.42980271347076726,0.3332619419386561,True,4
demo_13_15,site_13_15,block_13,2024,winter,validation,0.5445796937550689,0.2683762989130917,0.03,0.1,1,1.0,0.3124064989995705,0.5151651997565116,M_outer,H_outer,0.3822986825418187,0.6312110669830326,True,4
demo_13_16,site_13_16,block_13,2023,spring,validation,0.9069988366644772,0.7556459147001682,0.03,0.1,1,1.0,0.8119863438810822,0.6201857250566366,M_outer,H_outer,0.8278707420626226,0.4707747562276039,True,1
demo_13_17,site_13_17,block_13,2024,summer,validation,0.999,0.8328466429661666,0.13,0.03,1,1.0,0.6800249333138046,0.5453849458935248,M_outer,H_outer,0.912147902657897,0.40863945438099775,True,1
demo_13_18,site_13_18,block_13,2023,autumn,validation,0.3612235382796849,0.8092682721320322,0.13,0.03,1,1.0,0.1731713057274181,0.1848581067772903,M_outer,H_outer,0.5406724966900198,0.26248197957700886,True,3
demo_13_19,site_13_19,block_13,2024,winter,validation,0.7543337938010862,0.0381902503586392,0.03,0.1,0,1.0,0.5549022454092873,,M_outer,H_outer,0.169729774757541,0.0,False,5
demo_13_20,site_13_20,block_13,2023,spring,validation,0.59348766051342,0.627918610640597,0.03,0.1,1,1.0,0.413964446704943,0.5065536873649912,M_outer,H_outer,0.6104604387033814,0.46992096494144103,True,4
demo_13_21,site_13_21,block_13,2024,summer,validation,0.8057301172715763,0.8560231148422532,0.13,0.03,1,1.0,0.7211061556911068,0.5201932970908467,M_outer,H_outer,0.8304959992131381,0.34059728795536165,True,1
demo_13_22,site_13_22,block_13,2023,autumn,validation,0.6096067763030035,0.6440115859552474,0.13,0.03,1,1.0,0.3415606423090195,0.3886962295770435,M_outer,H_outer,0.6265730817837317,0.46584648703949727,True,4
demo_13_23,site_13_23,block_13,2024,winter,validation,0.4528242383531857,0.7055299686721843,0.03,0.1,1,1.0,0.2952159943754674,0.3387545009605754,M_outer,H_outer,0.5652265658117361,0.36516183761978316,True,3
demo_14_00,site_14_00,block_14,2023,spring,validation,0.4140487606385942,0.8787309375121464,0.03,0.1,1,1.0,0.262526206704134,0.224452412834764,M_outer,H_outer,0.6031894027680643,0.22407879200607103,True,3
demo_14_01,site_14_01,block_14,2024,summer,validation,0.6740948932467414,0.8749048308795411,0.13,0.03,1,1.0,0.6637318997555787,0.4761775974996823,M_outer,H_outer,0.7679641128156983,0.29038941901167614,True,3
demo_14_02,site_14_02,block_14,2023,autumn,validation,0.9583964129445348,0.738800608561005,0.13,0.03,1,1.0,0.7423459459617918,0.685023145670574,M_outer,H_outer,0.8414653012014854,0.5003324492958939,True,1
demo_14_03,site_14_03,block_14,2024,winter,validation,0.7119324646949313,0.3953623274963865,0.03,0.1,1,1.0,0.4528150355800049,0.6134873762274519,M_outer,H_outer,0.5305386661328532,0.656095411074414,True,2
demo_14_04,site_14_04,block_14,2023,spring,validation,0.9069570861778627,0.5703189950143058,0.03,0.1,1,1.0,0.6177580958088973,0.7037074141813354,M_outer,H_outer,0.7192043200023633,0.6242613493303913,True,2
demo_14_05,site_14_05,block_14,2024,summer,validation,0.2994287104317151,0.5271559363855958,0.13,0.03,1,1.0,0.1728496285685118,0.3408690014127369,M_outer,H_outer,0.3972979011124551,0.37627528247727476,True,4
demo_14_06,site_14_06,block_14,2023,autumn,validation,0.2353349032652129,0.2664036330447188,0.13,0.03,1,1.0,0.0,0.3459011085429467,M_outer,H_outer,0.25038784557577903,0.41550069801762396,True,4
demo_14_07,site_14_07,block_14,2024,winter,validation,0.7378799105319909,0.2358372337254478,0.03,0.1,1,1.0,0.52686260777272,0.6545690194171302,M_outer,H_outer,0.41715651369893003,0.7509063547544029,True,2
demo_14_08,site_14_08,block_14,2023,spring,validation,0.5885316688300721,0.6250160420605564,0.03,0.1,1,1.0,0.5026039622219903,0.471141587039989,M_outer,H_outer,0.6064995748386521,0.46977647296411756,True,4
demo_14_09,site_14_09,block_14,2024,summer,validation,0.5831217121963636,0.4863759299225183,0.13,0.03,1,1.0,0.3433304600887726,0.4519663413985608,M_outer,H_outer,0.53255644304385,0.5472708170264939,True,4
demo_14_10,site_14_10,block_14,2023,autumn,validation,0.7163508540046049,0.4399962368371779,0.13,0.03,1,1.0,0.48771033707156,0.573170446534252,M_outer,H_outer,0.5614193441778834,0.6333712765728171,True,2
demo_14_11,site_14_11,block_14,2024,winter,validation,0.7453102710972075,0.5353027717963987,0.03,0.1,1,1.0,0.5803681244715551,0.7210209814701406,M_outer,H_outer,0.6316380719737059,0.5885096576357495,True,2
demo_14_12,site_14_12,block_14,2023,spring,validation,0.5314527057296141,0.4577901078692285,0.03,0.1,1,1.0,0.4116766751260112,0.5339055399466237,M_outer,H_outer,0.49324820474417685,0.5368043537884736,True,4
demo_14_13,site_14_13,block_14,2024,summer,validation,0.3501370165895464,0.865128322009432,0.13,0.03,1,1.0,0.3733260190953248,0.3095833870744393,M_outer,H_outer,0.5503757349624917,0.21730984090474015,True,3
demo_14_14,site_14_14,block_14,2023,autumn,validation,0.2975444413846107,0.7980230554809802,0.13,0.03,1,1.0,0.295285173690087,0.1998088963717947,M_outer,H_outer,0.48728567006954804,0.24514713363505242,True,3
demo_14_15,site_14_15,block_14,2024,winter,validation,0.2358988680874119,0.4807321695293194,0.03,0.1,0,1.0,0.0696651028096356,,M_outer,H_outer,0.33675536320179406,0.0,False,4
demo_14_16,site_14_16,block_14,2023,spring,validation,0.5246587162736939,0.4675101293516924,0.03,0.1,1,1.0,0.4042315009393586,0.4935990919221137,M_outer,H_outer,0.49526080433505687,0.5285597903388852,True,4
demo_14_17,site_14_17,block_14,2024,summer,validation,0.7367713629624425,0.3066203361368328,0.13,0.03,1,1.0,0.615515181448398,0.7450843798133308,M_outer,H_outer,0.47529894063372014,0.7147463046388599,True,2
demo_14_18,site_14_18,block_14,2023,autumn,validation,0.4587448377317079,0.5368597258350145,0.13,0.03,0,1.0,0.468962133250896,,M_outer,H_outer,0.4962676977326581,0.0,False,4
demo_14_19,site_14_19,block_14,2024,winter,validation,0.3046743864753832,0.8080523052989247,0.03,0.1,1,1.0,0.169374662363027,0.1874670198336624,M_outer,H_outer,0.4961782344651657,0.24182958073489327,True,3
demo_14_20,site_14_20,block_14,2023,spring,validation,0.5836061606221199,0.2642799265945323,0.03,0.1,1,1.0,0.3812651738257436,0.6156595769769115,M_outer,H_outer,0.3927281417078876,0.6552638913695682,True,4
demo_14_21,site_14_21,block_14,2024,summer,validation,0.4919445952085076,0.4587959251836737,0.13,0.03,1,1.0,0.4561757659668313,0.5359563680935168,M_outer,H_outer,0.475081230630926,0.5159868404433513,True,4
demo_14_22,site_14_22,block_14,2023,autumn,validation,0.6107486348398982,0.8922296484959864,0.13,0.03,1,1.0,0.3809712252130103,0.2800125823197701,M_outer,H_outer,0.7381924137937248,0.2565552475730954,True,3
demo_14_23,site_14_23,block_14,2024,winter,validation,0.9246701821176596,0.7673966411504749,0.03,0.1,1,1.0,0.7794553789261772,0.5984339121564366,M_outer,H_outer,0.8423709348791005,0.463768681767721,True,1
demo_15_00,site_15_00,block_15,2023,spring,validation,0.8742613254920748,0.7492201419081472,0.03,0.1,1,1.0,0.7572582940410946,0.6463525722163199,M_outer,H_outer,0.8093294720631253,0.4682383272886764,True,1
demo_15_01,site_15_01,block_15,2024,summer,validation,0.5647954920974679,0.4067821285552306,0.13,0.03,1,1.0,0.4664325128248055,0.5594542222520574,M_outer,H_outer,0.479321095377417,0.578832255168681,True,4
demo_15_02,site_15_02,block_15,2023,autumn,validation,0.2333931121933615,0.4842726817436035,0.13,0.03,1,1.0,0.0985898171400628,0.2827428853179393,M_outer,H_outer,0.33619326040592323,0.3469397697742313,True,4
demo_15_03,site_15_03,block_15,2024,winter,validation,0.568852562256918,0.4444392957257626,0.03,0.1,1,1.0,0.3839541645887429,0.5447285546862557,M_outer,H_outer,0.5028125218620357,0.5621673506311603,True,4
demo_15_04,site_15_04,block_15,2023,spring,validation,0.7945343785833504,0.7929298805324733,0.03,0.1,1,1.0,0.7032071656196927,0.5254867467469505,M_outer,H_outer,0.7937317241291537,0.4056159867341418,True,1
demo_15_05,site_15_05,block_15,2024,summer,validation,0.6207181314060171,0.5925753550500719,0.13,0.03,1,1.0,0.3702359591560625,0.4065805713395351,M_outer,H_outer,0.6064835258306178,0.5028875264928325,True,4
demo_15_06,site_15_06,block_15,2023,autumn,validation,0.1822185857817989,0.6390116818792055,0.13,0.03,1,1.0,0.1312413003287261,0.2300693875887772,M_outer,H_outer,0.3412327724150738,0.2564737429284356,True,4
demo_15_07,site_15_07,block_15,2024,winter,validation,0.71748523152304,0.7109188630911432,0.03,0.1,1,1.0,0.6298850866433329,0.5251470486061637,M_outer,H_outer,0.7141945008742683,0.455424468429173,True,1
demo_15_08,site_15_08,block_15,2023,spring,validation,0.7354086115751941,0.4098367204143146,0.03,0.1,1,1.0,0.5348731649416353,0.7299084728314135,M_outer,H_outer,0.5489967700564568,0.6587952322556471,True,2
demo_15_09,site_15_09,block_15,2024,summer,validation,0.9985479074293284,0.3572135942552414,0.13,0.03,1,1.0,0.5776678793023318,0.708976271643591,M_outer,H_outer,0.5972393883936997,0.8011573006472873,True,2
demo_15_10,site_15_10,block_15,2023,autumn,validation,0.866762435150759,0.6236065360634809,0.13,0.03,1,1.0,0.4536486113867848,0.4238533368222282,M_outer,H_outer,0.7351997822186241,0.5711774815032947,True,2
demo_15_11,site_15_11,block_15,2024,winter,validation,0.4886134703289432,0.4044217593657875,0.03,0.1,1,1.0,0.3060228299205809,0.5450159540241561,M_outer,H_outer,0.4445288734382214,0.5394511572039576,True,4
demo_15_12,site_15_12,block_15,2023,spring,validation,0.7663203907620818,0.8611702065887992,0.03,0.1,1,1.0,0.67937917672325,0.5456282723482521,M_outer,H_outer,0.8123621662939451,0.3261718895556306,True,1
demo_15_13,site_15_13,block_15,2024,summer,validation,0.999,0.4030486050574374,0.13,0.03,1,1.0,0.6074676175962417,0.7129915947191705,M_outer,H_outer,0.6345435812080837,0.7722398873068006,True,2
demo_15_14,site_15_14,block_15,2023,autumn,validation,0.4972279267431303,0.4094537066878548,0.13,0.03,1,1.0,0.5301264203671224,0.6970162838325353,M_outer,H_outer,0.45121149993511006,0.5418820065931683,True,4
demo_15_15,site_15_15,block_15,2024,winter,validation,0.2956333506020718,0.2115466075019059,0.03,0.1,1,1.0,0.1289090300801566,0.391096980076604,M_outer,H_outer,0.2500804518235878,0.48279718124465265,True,4
demo_15_16,site_15_16,block_15,2023,spring,validation,0.7864288154200825,0.8125570674129545,0.03,0.1,1,1.0,0.6943997274739475,0.5142940746306424,M_outer,H_outer,0.7993861970204301,0.38394078115419905,True,1
demo_15_17,site_15_17,block_15,2024,summer,validation,0.7152130085794569,0.4718999308876032,0.13,0.03,1,1.0,0.3458173817098373,0.4772840558870935,M_outer,H_outer,0.5809552214401386,0.6145763087370815,True,2
demo_15_18,site_15_18,block_15,2023,autumn,validation,0.9123150896914984,0.3457233149476112,0.13,0.03,1,1.0,0.527224131768767,0.6699668435860824,M_outer,H_outer,0.561612497265572,0.7725972382856583,True,2
demo_15_19,site_15_19,block_15,2024,winter,validation,0.643570223218134,0.8359234393412145,0.03,0.1,1,1.0,0.543571493135669,0.4581770527508179,M_outer,H_outer,0.733468086865472,0.32495351785761345,True,3
demo_15_20,site_15_20,block_15,2023,spring,validation,0.8098213802013866,0.7260432022415122,0.03,0.1,1,1.0,0.72672772094031,0.5588881071658256,M_outer,H_outer,0.766788959313484,0.4710159998092748,True,1
demo_15_21,site_15_21,block_15,2024,summer,validation,0.5232383153946434,0.6779300772089497,0.13,0.03,1,1.0,0.3983439633407714,0.4176443270459298,M_outer,H_outer,0.5955829006562994,0.41051105203206406,True,4
demo_15_22,site_15_22,block_15,2023,autumn,validation,0.303808716951784,0.4883494613764427,0.13,0.03,1,1.0,0.1886600327599107,0.2866070225568484,M_outer,H_outer,0.385181545877878,0.3942637361803798,True,4
demo_15_23,site_15_23,block_15,2024,winter,validation,0.3176080264596613,0.5927502068947822,0.03,0.1,1,1.0,0.177635827569583,0.317061176267997,M_outer,H_outer,0.43389194898662004,0.35964677541200557,True,4
demo_16_00,site_16_00,block_16,2025,spring,test,0.4193666046750864,0.5729854718940299,0.03,0.1,1,1.0,0.2884665576123086,0.3198658496872019,M_outer,H_outer,0.49019483052797636,0.42317328932570275,True,4
demo_16_01,site_16_01,block_16,2025,summer,test,0.7425221456757234,0.9136554408239286,0.13,0.03,1,1.0,0.7218661210056256,0.5569459633447804,M_outer,H_outer,0.8236561165491836,0.2532049512684162,True,1
demo_16_02,site_16_02,block_16,2025,autumn,test,0.3497160699270841,0.5661889931457126,0.13,0.03,0,1.0,0.1959737508544048,,M_outer,H_outer,0.44497796520602156,0.0,False,4
demo_16_03,site_16_03,block_16,2025,winter,test,0.6579703388176232,0.6239061909459939,0.03,0.1,1,1.0,0.5689767999495602,0.5173372272500183,M_outer,H_outer,0.6407119226666134,0.4974520790694064,True,4
demo_16_04,site_16_04,block_16,2025,spring,test,0.3112425803538937,0.5326570371361962,0.03,0.1,1,1.0,0.1197937544360858,0.3336794854077759,M_outer,H_outer,0.4071677181235387,0.3813882925208431,True,4
demo_16_05,site_16_05,block_16,2025,summer,test,0.7743059052591242,0.3943832191288606,0.13,0.03,1,1.0,0.4880183370776099,0.6008090330647076,M_outer,H_outer,0.5526058771914935,0.6847865724096409,True,2
demo_16_06,site_16_06,block_16,2025,autumn,test,0.001,0.2468145158498488,0.13,0.03,1,1.0,0.0127658860418515,0.3263452386680415,M_outer,H_outer,0.015710331500316886,0.027444224969019465,True,4
demo_16_07,site_16_07,block_16,2025,winter,test,0.7314069959923634,0.2847846739160935,0.03,0.1,1,1.0,0.5327938134691015,0.6889508957750987,M_outer,H_outer,0.4563918303975595,0.7232658523245299,True,2
demo_16_08,site_16_08,block_16,2025,spring,test,0.3857123124609258,0.6326134541794822,0.03,0.1,1,1.0,0.307308081389506,0.2175217179454878,M_outer,H_outer,0.4939704427447679,0.3764379286887332,True,4
demo_16_09,site_16_09,block_16,2025,summer,test,0.8975204966237478,0.3808986939966238,0.13,0.03,1,1.0,0.468348721961046,0.5678580172752227,M_outer,H_outer,0.5846917008126477,0.7454234445096029,True,2
demo_16_10,site_16_10,block_16,2025,autumn,test,0.640316605363912,0.1787772291378924,0.13,0.03,1,1.0,0.4993093909982921,0.6713755267159047,M_outer,H_outer,0.33834010769925216,0.7251500374998063,True,4
demo_16_11,site_16_11,block_16,2025,winter,test,0.6897389927105642,0.0226068423706443,0.03,0.1,1,1.0,0.5100710885191703,0.6794907943787311,M_outer,H_outer,0.12487121639951577,0.821064048674322,True,4
demo_16_12,site_16_12,block_16,2025,spring,test,0.4192145027498745,0.4269666327846263,0.03,0.1,0,1.0,0.2474513884426078,,M_outer,H_outer,0.42307281247274137,0.0,False,4
demo_16_13,site_16_13,block_16,2025,summer,test,0.2634091796773194,0.5187568947285214,0.13,0.03,1,1.0,0.0496374435445106,0.2481909104801432,M_outer,H_outer,0.3696556885703145,0.3560391152456792,True,4
demo_16_14,site_16_14,block_16,2025,autumn,test,0.7645712165545143,0.8467937561379641,0.13,0.03,1,1.0,0.5654440248727215,0.4011398091192135,M_outer,H_outer,0.8046329177340248,0.34225295360791896,True,1
demo_16_15,site_16_15,block_16,2025,winter,test,0.7740435265819188,0.4417502599571304,0.03,0.1,1,1.0,0.5950336281069173,0.6841433954409186,M_outer,H_outer,0.5847511685201634,0.6573504373591169,True,2
demo_16_16,site_16_16,block_16,2025,spring,test,0.6091666181082966,0.4913708267772065,0.03,0.1,0,1.0,0.4402685546052044,,M_outer,H_outer,0.5471075806319526,0.0,False,4
demo_16_17,site_16_17,block_16,2025,summer,test,0.5255515278497019,0.7315940017711832,0.13,0.03,1,1.0,0.3670641811646689,0.3735485726115528,M_outer,H_outer,0.6200728549102298,0.3755811263271613,True,3
demo_16_18,site_16_18,block_16,2025,autumn,test,0.4169482305235131,0.6105007320212051,0.13,0.03,1,1.0,0.3026452258088919,0.3484447404835665,M_outer,H_outer,0.5045267088564797,0.4029901122533432,True,4
demo_16_19,site_16_19,block_16,2025,winter,test,0.6530259751710439,0.5336037685186639,0.03,0.1,1,1.0,0.5192214172298103,0.5311618572300589,M_outer,H_outer,0.5903025675802575,0.5518775714587425,True,4
demo_16_20,site_16_20,block_16,2025,spring,test,0.4619545085632412,0.986665706914181,0.03,0.1,1,1.0,0.4113214751495992,0.2971391309402455,M_outer,H_outer,0.6751256710818686,0.07848462785474458,True,3
demo_16_21,site_16_21,block_16,2025,summer,test,0.4349032497412597,0.8707628098109179,0.13,0.03,1,1.0,0.403042781302579,0.3045186297592822,M_outer,H_outer,0.615384087981318,0.2370773586841667,True,3
demo_16_22,site_16_22,block_16,2025,autumn,test,0.2703254559299449,0.7411456739507015,0.13,0.03,1,1.0,0.0629792363111209,0.1374252133387721,M_outer,H_outer,0.4476053420383069,0.26452771822384746,True,3
demo_16_23,site_16_23,block_16,2025,winter,test,0.232709654700109,0.432610039009544,0.03,0.1,1,1.0,0.0,0.3054665426372897,M_outer,H_outer,0.317289351850502,0.3633691262372153,True,4
demo_17_00,site_17_00,block_17,2025,spring,test,0.5695380584215183,0.257664641917902,0.03,0.1,1,1.0,0.3449520076632654,0.6406026729239301,M_outer,H_outer,0.38307939109510664,0.65022168415066,True,4
demo_17_01,site_17_01,block_17,2025,summer,test,0.4146216766781478,0.2801491103991326,0.13,0.03,1,1.0,0.2287660488516023,0.5174055163559276,M_outer,H_outer,0.34081651056481976,0.5463202200217084,True,4
demo_17_02,site_17_02,block_17,2025,autumn,test,0.1207659761343852,0.2767351952861036,0.13,0.03,1,1.0,0.0,0.29206225096762,M_outer,H_outer,0.18281191424375498,0.2955431950577093,True,4
demo_17_03,site_17_03,block_17,2025,winter,test,0.4638413081728397,0.9497380699131022,0.03,0.1,0,1.0,0.4479488016646929,,M_outer,H_outer,0.6637226444608028,0.0,False,3
demo_17_04,site_17_04,block_17,2025,spring,test,0.1843738069035906,0.70960582527074,0.03,0.1,1,1.0,0.0956400207892749,0.0988292974798278,M_outer,H_outer,0.3617080693129896,0.23138945416215523,True,3
demo_17_05,site_17_05,block_17,2025,summer,test,0.4313296415777872,0.4286751008229976,0.13,0.03,1,1.0,0.2208409617142807,0.4379817371371372,M_outer,H_outer,0.43000032278046646,0.4964165226767556,True,4
demo_17_06,site_17_06,block_17,2025,autumn,test,0.2081222945142135,0.6355820808030219,0.13,0.03,0,1.0,0.365979859312451,,M_outer,H_outer,0.3637015273666625,0.0,False,4
demo_17_07,site_17_07,block_17,2025,winter,test,0.7692821907148486,0.8966925719090431,0.03,0.1,1,1.0,0.6649292786270754,0.5446159618012784,M_outer,H_outer,0.83054778677444,0.2819087877291661,True,1
demo_17_08,site_17_08,block_17,2025,spring,test,0.7802387521984178,0.7114324975696784,0.03,0.1,1,1.0,0.7118452533145639,0.5681225076109061,M_outer,H_outer,0.7450417466002626,0.4745013677759507,True,1
demo_17_09,site_17_09,block_17,2025,summer,test,0.4003077324414548,0.8950685501842923,0.13,0.03,1,1.0,0.2167004605384479,0.1476550044896021,M_outer,H_outer,0.5985840473182814,0.2049508983574365,True,3
demo_17_10,site_17_10,block_17,2025,autumn,test,0.4810954195125386,0.6637736976281908,0.13,0.03,1,1.0,0.4276790271020454,0.3964689286377165,M_outer,H_outer,0.5651004207411489,0.40219017142480645,True,4
demo_17_11,site_17_11,block_17,2025,winter,test,0.2377414009637672,0.4365152189973599,0.03,0.1,1,1.0,0.048670501570853,0.3261631863364511,M_outer,H_outer,0.3221455256657121,0.36601046604889487,True,4
demo_17_12,site_17_12,block_17,2025,spring,test,0.8450005545469573,0.3682729660589128,0.03,0.1,1,1.0,0.6250534755854927,0.7166024148845991,M_outer,H_outer,0.5578448355451846,0.7306228124022157,True,2
demo_17_13,site_17_13,block_17,2025,summer,test,0.1157971022561064,0.5426375709216684,0.13,0.03,1,1.0,0.0763311832319486,0.2038186825087649,M_outer,H_outer,0.25067081658625845,0.23013310054854075,True,4
demo_17_14,site_17_14,block_17,2025,autumn,test,0.668305111910321,0.5411119920038915,0.13,0.03,1,1.0,0.368382428096106,0.4815001104429641,M_outer,H_outer,0.601355061816376,0.553784435984024,True,4
demo_17_15,site_17_15,block_17,2025,winter,test,0.7450015734866511,0.4088721553337548,0.03,0.1,0,1.0,0.5197616548744826,,M_outer,H_outer,0.5519152100445555,0.0,False,5
demo_17_16,site_17_16,block_17,2025,spring,test,0.2465551131970331,0.999,0.03,0.1,1,1.0,0.1900534344745067,0.1483685877565379,M_outer,H_outer,0.49629482979760736,0.0157020735317675,True,3
demo_17_17,site_17_17,block_17,2025,summer,test,0.3223024197900752,0.3278380917736411,0.13,0.03,1,1.0,0.2201882793041435,0.3541955217552138,M_outer,H_outer,0.32505847209079985,0.4654453883239901,True,4
demo_17_18,site_17_18,block_17,2025,autumn,test,0.7550773113755482,0.4622744260577927,0.13,0.03,1,1.0,0.3629309973081346,0.455545819781786,M_outer,H_outer,0.5908070164997982,0.6372004242231446,True,2
demo_17_19,site_17_19,block_17,2025,winter,test,0.474449031220259,0.278324545568574,0.03,0.1,1,1.0,0.2259543478410436,0.4533452038677615,M_outer,H_outer,0.3633879621146368,0.5851480327322568,True,4
demo_17_20,site_17_20,block_17,2025,spring,test,0.5872849942030988,0.9094129472999076,0.03,0.1,1,1.0,0.5753696258717456,0.3977132308338057,M_outer,H_outer,0.7308109040533325,0.23065215524648705,True,3
demo_17_21,site_17_21,block_17,2025,summer,test,0.4028036798315415,0.4438304078565793,0.13,0.03,1,1.0,0.2654837801881192,0.4595424365717447,M_outer,H_outer,0.4228197269590955,0.4733150729966007,True,4
demo_17_22,site_17_22,block_17,2025,autumn,test,0.740202260896898,0.8388396559690435,0.13,0.03,1,1.0,0.7119570074584052,0.5642339597730944,M_outer,H_outer,0.7879790669035962,0.34538565549054856,True,1
demo_17_23,site_17_23,block_17,2025,winter,test,0.3134396449186055,0.9505529316078284,0.03,0.1,1,1.0,0.2614614929835527,0.2683333545446519,M_outer,H_outer,0.545839695661187,0.1244936607185614,True,3
demo_18_00,site_18_00,block_18,2025,spring,test,0.4711192158441123,0.7382921139499553,0.03,0.1,1,1.0,0.3290881809322006,0.4602726309774096,M_outer,H_outer,0.5897657177116986,0.3511347519914788,True,3
demo_18_01,site_18_01,block_18,2025,summer,test,0.4907710524155796,0.4248711495709448,0.13,0.03,1,1.0,0.5170458057762406,0.6556535847112465,M_outer,H_outer,0.45663383713425104,0.5312782615538019,True,4
demo_18_02,site_18_02,block_18,2025,autumn,test,0.3678821036077492,0.774806940073661,0.13,0.03,1,1.0,0.3298758665642165,0.2592328943797362,M_outer,H_outer,0.5338891336262442,0.2878271992073847,True,3
demo_18_03,site_18_03,block_18,2025,winter,test,0.29184670233088,0.3780900204243733,0.03,0.1,1,1.0,0.2131769173524005,0.2978274765368895,M_outer,H_outer,0.33218116389263913,0.4260309574265837,True,4
demo_18_04,site_18_04,block_18,2025,spring,test,0.8548955673781943,0.6477923380153381,0.03,0.1,1,1.0,0.7140317514209769,0.6615127589629344,M_outer,H_outer,0.7441739032987312,0.548726497471486,True,2
demo_18_05,site_18_05,block_18,2025,summer,test,0.1408661419989005,0.2382296111228474,0.13,0.03,1,1.0,0.0958026233277089,0.39461472061319,M_outer,H_outer,0.18318975470471555,0.3275784726903259,True,4
demo_18_06,site_18_06,block_18,2025,autumn,test,0.2850585081453385,0.2805219619461545,0.13,0.03,1,1.0,0.0903882245419489,0.3853596889347352,M_outer,H_outer,0.2827811379395277,0.45287231773532405,True,4
demo_18_07,site_18_07,block_18,2025,winter,test,0.6299203874692604,0.8413202396987819,0.03,0.1,1,1.0,0.5195782943924091,0.4463521169744642,M_outer,H_outer,0.7279867934082236,0.3161575811086501,True,3
demo_18_08,site_18_08,block_18,2025,spring,test,0.3962276191303615,0.5370487980610654,0.03,0.1,1,1.0,0.297719971255849,0.3297660949690228,M_outer,H_outer,0.4612955306661427,0.428292017807714,True,4
demo_18_09,site_18_09,block_18,2025,summer,test,0.9928405411624526,0.6073666148290836,0.13,0.03,0,1.0,0.6849737988499519,,M_outer,H_outer,0.7765424641002668,0.0,False,5
demo_18_10,site_18_10,block_18,2025,autumn,test,0.8235849479275792,0.9234153295389836,0.13,0.03,1,1.0,0.6871730103601459,0.5263761773217979,M_outer,H_outer,0.872072798620558,0.2511453400596694,True,1
demo_18_11,site_18_11,block_18,2025,winter,test,0.2438664911336989,0.2347227333674414,0.03,0.1,1,1.0,0.0278782174050159,0.2604587810431115,M_outer,H_outer,0.2392509339075372,0.43200171499436224,True,4
demo_18_12,site_18_12,block_18,2025,spring,test,0.1273296348728323,0.50377903713747,0.03,0.1,1,1.0,0.0,0.2422926779113598,M_outer,H_outer,0.25327060795777523,0.2513635495005814,True,4
demo_18_13,site_18_13,block_18,2025,summer,test,0.2210079045118375,0.2870318628300702,0.13,0.03,1,1.0,0.020527055027893,0.2872590460558365,M_outer,H_outer,0.25186565969223157,0.3969528863475293,True,4
demo_18_14,site_18_14,block_18,2025,autumn,test,0.4451892868669251,0.4560201190039341,0.13,0.03,0,1.0,0.4380684951769788,,M_outer,H_outer,0.4505721602322227,0.0,False,4
demo_18_15,site_18_15,block_18,2025,winter,test,0.6672643032704301,0.5073098441761614,0.03,0.1,0,1.0,0.4744833656753966,,M_outer,H_outer,0.581815907067207,0.0,False,4
demo_18_16,site_18_16,block_18,2025,spring,test,0.1387525867513896,0.5684336016674705,0.03,0.1,1,1.0,0.0586413909712192,0.2006611884635041,M_outer,H_outer,0.28084093830453305,0.24470585224636346,True,4
demo_18_17,site_18_17,block_18,2025,summer,test,0.1313147511065502,0.386041415207382,0.13,0.03,1,1.0,0.0717190159980117,0.2930792805310411,M_outer,H_outer,0.2251509101797676,0.2839398153689835,True,4
demo_18_18,site_18_18,block_18,2025,autumn,test,0.6294651243346464,0.4169339647030872,0.13,0.03,1,1.0,0.3888997916688253,0.5270306136976118,M_outer,H_outer,0.5122942415557351,0.6058215367610172,True,4
demo_18_19,site_18_19,block_18,2025,winter,test,0.8509446566367282,0.299453418223212,0.03,0.1,1,1.0,0.6385984100472191,0.7121962730229981,M_outer,H_outer,0.5047952913297089,0.7720922033592118,True,2
demo_18_20,site_18_20,block_18,2025,spring,test,0.1945742514867589,0.9108184620987296,0.03,0.1,1,1.0,0.106048043167688,0.0688104007625066,M_outer,H_outer,0.4209772208839585,0.13172862628744633,True,3
demo_18_21,site_18_21,block_18,2025,summer,test,0.5332424287159027,0.8093715722628094,0.13,0.03,1,1.0,0.5811414286092327,0.4110393136300322,M_outer,H_outer,0.6569560585967902,0.3188277995860358,True,3
demo_18_22,site_18_22,block_18,2025,autumn,test,0.6263768100082784,0.38008664112546,0.13,0.03,1,1.0,0.5909504293913128,0.6744515601597382,M_outer,H_outer,0.4879318167479212,0.6231367042739109,True,4
demo_18_23,site_18_23,block_18,2025,winter,test,0.5829180671792538,0.4917526820421586,0.03,0.1,1,1.0,0.4648522927281855,0.5890563899541632,M_outer,H_outer,0.5353984711840605,0.5443037242505553,True,4
demo_19_00,site_19_00,block_19,2025,spring,test,0.2656465595828755,0.1436100416817967,0.03,0.1,1,1.0,0.0607921017744691,0.3805859858081181,M_outer,H_outer,0.19531900443715824,0.47696650415784214,True,4
demo_19_01,site_19_01,block_19,2025,summer,test,0.9487616253291412,0.6916321080895462,0.13,0.03,1,1.0,0.6730091664564072,0.6466173691855156,M_outer,H_outer,0.8100580244654442,0.5408952045713504,True,2
demo_19_02,site_19_02,block_19,2025,autumn,test,0.5496559567294114,0.1894943104558665,0.13,0.03,1,1.0,0.2979728450761794,0.5464139872646928,M_outer,H_outer,0.32273313512622065,0.6674573246440644,True,4
demo_19_03,site_19_03,block_19,2025,winter,test,0.2036002555911366,0.6119349924768065,0.03,0.1,0,1.0,0.1559297788857058,,M_outer,H_outer,0.3529732580145953,0.0,False,4
demo_19_04,site_19_04,block_19,2025,spring,test,0.4680818335055063,0.6516553143414566,0.03,0.1,1,1.0,0.3578081723439671,0.381404145494384,M_outer,H_outer,0.5522934132782646,0.403799231246111,True,4
demo_19_05,site_19_05,block_19,2025,summer,test,0.7763934179937769,0.5183815969896713,0.13,0.03,1,1.0,0.6722035593293207,0.7327569470619947,M_outer,H_outer,0.6344037042072528,0.6114943647180188,True,2
demo_19_06,site_19_06,block_19,2025,autumn,test,0.5856766198105697,0.7042999289007562,0.13,0.03,0,1.0,0.4452525481948207,,M_outer,H_outer,0.6422554022282876,0.0,False,3
demo_19_07,site_19_07,block_19,2025,winter,test,0.3278328647194927,0.4992437763630803,0.03,0.1,0,1.0,0.1419479192970946,,M_outer,H_outer,0.4045596586394723,0.0,False,4
demo_19_08,site_19_08,block_19,2025,spring,test,0.6812917315043615,0.3283728290704146,0.03,0.1,1,1.0,0.5724215980975836,0.605922381498624,M_outer,H_outer,0.47298804773098496,0.6764421913275317,True,4
demo_19_09,site_19_09,block_19,2025,summer,test,0.5850663687020313,0.8388289444810512,0.13,0.03,1,1.0,0.4362225587879176,0.3099345912474784,M_outer,H_outer,0.7005502155518093,0.30707615373445213,True,3
demo_19_10,site_19_10,block_19,2025,autumn,test,0.2493143148318363,0.5129873577580518,0.13,0.03,1,1.0,0.0106294583309245,0.250740584381101,M_outer,H_outer,0.35762423242398267,0.3484526125816731,True,4
demo_19_11,site_19_11,block_19,2025,winter,test,0.3779502220653259,0.8819158939291147,0.03,0.1,0,1.0,0.2873508746745827,,M_outer,H_outer,0.5773389887695524,0.0,False,3
demo_19_12,site_19_12,block_19,2025,spring,test,0.4780806806701149,0.5191456852195678,0.03,0.1,1,1.0,0.2764025478997882,0.4291417903436144,M_outer,H_outer,0.4981902473520775,0.4794654920986397,True,4
demo_19_13,site_19_13,block_19,2025,summer,test,0.4404910578564955,0.7937576894522074,0.13,0.03,0,1.0,0.4584344833663009,,M_outer,H_outer,0.5913063202000554,0.0,False,3
demo_19_14,site_19_14,block_19,2025,autumn,test,0.6225201340390438,0.5179695435498014,0.13,0.03,1,1.0,0.2765692492374466,0.3519880189750221,M_outer,H_outer,0.5678437018042595,0.5477897994306566,True,4
demo_19_15,site_19_15,block_19,2025,winter,test,0.3059166036565604,0.7957114234839561,0.03,0.1,1,1.0,0.2161943567813876,0.1773133295385974,M_outer,H_outer,0.49337747837020174,0.24999053480806335,True,3
demo_19_16,site_19_16,block_19,2025,spring,test,0.379452722757466,0.8012953605113681,0.03,0.1,1,1.0,0.3427771026135806,0.2615558248497853,M_outer,H_outer,0.5514106512200901,0.27458881346206016,True,3
demo_19_17,site_19_17,block_19,2025,summer,test,0.4673645653826568,0.5938853718700832,0.13,0.03,1,1.0,0.4441554883541197,0.4627953259436089,M_outer,H_outer,0.5268405628946758,0.4356645345578153,True,4
demo_19_18,site_19_18,block_19,2025,autumn,test,0.625486120245034,0.6652382077109612,0.13,0.03,1,1.0,0.4691604824458772,0.4320647305728249,M_outer,H_outer,0.645056017396853,0.45759026941702424,True,4
demo_19_19,site_19_19,block_19,2025,winter,test,0.7895069073006465,0.8906674949511849,0.03,0.1,1,1.0,0.7475852459875221,0.5581825470529547,M_outer,H_outer,0.838563139764755,0.2938005580806856,True,1
demo_19_20,site_19_20,block_19,2025,spring,test,0.8345645490075704,0.6301068415424876,0.03,0.1,1,1.0,0.6957304745940878,0.677356553622596,M_outer,H_outer,0.7251653825428312,0.5556075206196183,True,2
demo_19_21,site_19_21,block_19,2025,summer,test,0.2832853141760007,0.4241030054260136,0.13,0.03,1,1.0,0.1321895282120202,0.3265001457326177,M_outer,H_outer,0.34661528116211837,0.40390984271357677,True,4
demo_19_22,site_19_22,block_19,2025,autumn,test,0.7636220229726918,0.1689873429267697,0.13,0.03,1,1.0,0.4264826044891527,0.641823807584942,M_outer,H_outer,0.35922479962068304,0.7966050252855376,True,2
demo_19_23,site_19_23,block_19,2025,winter,test,0.6757665368245559,0.4525433903589719,0.03,0.1,1,1.0,0.5041359906063846,0.6045182884547471,M_outer,H_outer,0.5530042311463137,0.6082375006186567,True,4
