sample_id,site_id,group_id,year,season,role,m,h,u_m,u_h,feasible,habitat_suitability,target_protection,target_restoration,m_artifact_id,h_artifact_id
demo_00_00,site_00_00,block_00,2023,spring,train,0.678182969754424,0.6056913756107878,0.03,0.1,0,1.0,0.5971490979520709,,M_00,H_00
demo_00_01,site_00_01,block_00,2024,summer,train,0.7345502904823649,0.8448814660708077,0.13,0.03,1,1.0,0.6212814327384986,0.5350615053306458,M_00,H_00
demo_00_02,site_00_02,block_00,2023,autumn,train,0.4727678547274655,0.7359325464007287,0.13,0.03,1,1.0,0.3996111116786971,0.3356281313792706,M_00,H_00
demo_00_03,site_00_03,block_00,2024,winter,train,0.43122797262010565,0.25611439331118563,0.03,0.1,1,1.0,0.19190688075802725,0.470570681585398,M_00,H_00
demo_00_04,site_00_04,block_00,2023,spring,train,0.24667525244119806,0.4830975770813464,0.03,0.1,1,1.0,0.1641263910123224,0.3036761485005889,M_00,H_00
demo_00_05,site_00_05,block_00,2024,summer,train,0.39304242079713314,0.8260897313036547,0.13,0.03,1,1.0,0.21320862672920335,0.1868191155184387,M_00,H_00
demo_00_06,site_00_06,block_00,2023,autumn,train,0.7882944783452535,0.3564228279294019,0.13,0.03,1,1.0,0.5553252650334113,0.6944884734707438,M_00,H_00
demo_00_07,site_00_07,block_00,2024,winter,train,0.15118965459194011,0.2846913021691646,0.03,0.1,1,1.0,0.0071716102052663926,0.22540593382385526,M_00,H_00
demo_00_08,site_00_08,block_00,2023,spring,train,0.25060728775234015,0.8368751948882471,0.03,0.1,1,1.0,0.18135995559051138,0.20269208544986927,M_00,H_00
demo_00_09,site_00_09,block_00,2024,summer,train,0.6701140330371871,0.5026974434102712,0.13,0.03,1,1.0,0.4258247019958929,0.48208971689905894,M_00,H_00
demo_00_10,site_00_10,block_00,2023,autumn,train,0.8642133087818895,0.7239569015324347,0.13,0.03,1,1.0,0.646632287509624,0.5838611795076151,M_00,H_00
demo_00_11,site_00_11,block_00,2024,winter,train,0.7135150951596656,0.39647810529034094,0.03,0.1,1,1.0,0.5368762742768511,0.6440297087841875,M_00,H_00
demo_00_12,site_00_12,block_00,2023,spring,train,0.6934946677103425,0.6433006952608046,0.03,0.1,1,1.0,0.5272208358576542,0.5558050766307333,M_00,H_00
demo_00_13,site_00_13,block_00,2024,summer,train,0.26238433318339505,0.6594211085901461,0.13,0.03,0,1.0,0.33235338733071623,,M_00,H_00
demo_00_14,site_00_14,block_00,2023,autumn,train,0.9100551212101984,0.38179706166455735,0.13,0.03,1,1.0,0.6140678445070835,0.7370167068850727,M_00,H_00
demo_00_15,site_00_15,block_00,2024,winter,train,0.3690466338348902,0.8571071048014712,0.03,0.1,1,1.0,0.2883870282169448,0.2633555911475388,M_00,H_00
demo_00_16,site_00_16,block_00,2023,spring,train,0.28793196808195015,0.4598346616992439,0.03,0.1,1,1.0,0.09652525008665358,0.3511853338420152,M_00,H_00
demo_00_17,site_00_17,block_00,2024,summer,train,0.7364540150883656,0.8524262183342831,0.13,0.03,1,1.0,0.5617769885322248,0.43887119595339175,M_00,H_00
demo_00_18,site_00_18,block_00,2023,autumn,train,0.05548093757791703,0.5075280387356782,0.13,0.03,1,1.0,0.07695781861149345,0.24310135264651606,M_00,H_00
demo_00_19,site_00_19,block_00,2024,winter,train,0.2363207138921358,0.5194776789052383,0.03,0.1,0,1.0,0.0,,M_00,H_00
demo_00_20,site_00_20,block_00,2023,spring,train,0.822774329776597,0.4384372273260142,0.03,0.1,1,1.0,0.6132610887569119,0.6974365697453789,M_00,H_00
demo_00_21,site_00_21,block_00,2024,summer,train,0.001,0.3063538319433609,0.13,0.03,1,1.0,0.0,0.2740368089963728,M_00,H_00
demo_00_22,site_00_22,block_00,2023,autumn,train,0.2975798965539962,0.40253699745377414,0.13,0.03,1,1.0,0.24586608174083643,0.37689988695191134,M_00,H_00
demo_00_23,site_00_23,block_00,2024,winter,train,0.15984922510423866,0.604650867774603,0.03,0.1,1,1.0,0.10692848724491905,0.20449977995085433,M_00,H_00
demo_01_00,site_01_00,block_01,2023,spring,train,0.355811339050662,0.4168693189026116,0.03,0.1,1,1.0,0.23325845487274666,0.32975901265728186,M_01,H_01
demo_01_01,site_01_01,block_01,2024,summer,train,0.9116678042685333,0.31422261134025503,0.13,0.03,1,1.0,0.6857602592985689,0.7947158396073359,M_01,H_01
demo_01_02,site_01_02,block_01,2023,autumn,train,0.7396694279587591,0.3997797223046167,0.13,0.03,1,1.0,0.564614693945216,0.6366350728472233,M_01,H_01
demo_01_03,site_01_03,block_01,2024,winter,train,0.377342142771359,0.7041193632427879,0.03,0.1,1,1.0,0.3138190884894033,0.2277504594384356,M_01,H_01
demo_01_04,site_01_04,block_01,2023,spring,train,0.3935602809520362,0.49600998968606497,0.03,0.1,1,1.0,0.1904633933087631,0.4149840861340118,M_01,H_01
demo_01_05,site_01_05,block_01,2024,summer,train,0.09646629895122352,0.39893904011591147,0.13,0.03,1,1.0,0.04493353318989049,0.29988003923912526,M_01,H_01
demo_01_06,site_01_06,block_01,2023,autumn,train,0.8024765032196334,0.3842591120096998,0.13,0.03,1,1.0,0.5160880746343343,0.6552482734099164,M_01,H_01
demo_01_07,site_01_07,block_01,2024,winter,train,0.3558047797321555,0.5356281184751737,0.03,0.1,1,1.0,0.25935666293998494,0.37875304177378566,M_01,H_01
demo_01_08,site_01_08,block_01,2023,spring,train,0.6352668116013314,0.6436339327280453,0.03,0.1,1,1.0,0.36653023904311866,0.510723240382602,M_01,H_01
demo_01_09,site_01_09,block_01,2024,summer,train,0.9885376902676224,0.3144661221073862,0.13,0.03,0,1.0,0.5848168687182845,,M_01,H_01
demo_01_10,site_01_10,block_01,2023,autumn,train,0.999,0.7218030163185813,0.13,0.03,1,1.0,0.6270809068468299,0.5155509729567663,M_01,H_01
demo_01_11,site_01_11,block_01,2024,winter,train,0.4932899246140205,0.47328851723839294,0.03,0.1,1,1.0,0.3049265462869672,0.3248366739180086,M_01,H_01
demo_01_12,site_01_12,block_01,2023,spring,train,0.7073769483034967,0.5006384925169741,0.03,0.1,1,1.0,0.5639180695012237,0.6181441318146342,M_01,H_01
demo_01_13,site_01_13,block_01,2024,summer,train,0.3660439798382482,0.7587550288031584,0.13,0.03,1,1.0,0.33380540843080486,0.28344202450322276,M_01,H_01
demo_01_14,site_01_14,block_01,2023,autumn,train,0.3068796280788145,0.8667753025967433,0.13,0.03,1,1.0,0.13829831676521456,0.09042971897207686,M_01,H_01
demo_01_15,site_01_15,block_01,2024,winter,train,0.38603499185307083,0.756139412503454,0.03,0.1,0,1.0,0.2546932974784857,,M_01,H_01
demo_01_16,site_01_16,block_01,2023,spring,train,0.5791699860092104,0.6567981174955201,0.03,0.1,1,1.0,0.4247194669231127,0.4398911093276751,M_01,H_01
demo_01_17,site_01_17,block_01,2024,summer,train,0.26564469850385786,0.31038438792906475,0.13,0.03,1,1.0,0.05531040600839843,0.2938886386296085,M_01,H_01
demo_01_18,site_01_18,block_01,2023,autumn,train,0.38721177797518413,0.7994388417586802,0.13,0.03,1,1.0,0.6303146745619016,0.5147134395940999,M_01,H_01
demo_01_19,site_01_19,block_01,2024,winter,train,0.6723060617156449,0.5605566106227923,0.03,0.1,1,1.0,0.5082000158429988,0.42513216002036325,M_01,H_01
demo_01_20,site_01_20,block_01,2023,spring,train,0.4628039017158669,0.7293636379811638,0.03,0.1,1,1.0,0.31813012544117386,0.3163233659860888,M_01,H_01
demo_01_21,site_01_21,block_01,2024,summer,train,0.6138939713596742,0.6615933054806671,0.13,0.03,1,1.0,0.4088148830296492,0.44518668399819,M_01,H_01
demo_01_22,site_01_22,block_01,2023,autumn,train,0.5909160555970162,0.7338521716479315,0.13,0.03,1,1.0,0.5337872462310809,0.44106416642747165,M_01,H_01
demo_01_23,site_01_23,block_01,2024,winter,train,0.19330872294770843,0.3397196447168308,0.03,0.1,1,1.0,0.08068604597888454,0.25376912881169644,M_01,H_01
demo_02_00,site_02_00,block_02,2023,spring,train,0.5509542387343411,0.28448385081039995,0.03,0.1,1,1.0,0.37573289150719913,0.5363063576718776,M_02,H_02
demo_02_01,site_02_01,block_02,2024,summer,train,0.6432069787913011,0.7829145117238395,0.13,0.03,1,1.0,0.5475077049824644,0.45085258433886266,M_02,H_02
demo_02_02,site_02_02,block_02,2023,autumn,train,0.5298489239596754,0.599786914107654,0.13,0.03,1,1.0,0.5345148503705577,0.586969427445384,M_02,H_02
demo_02_03,site_02_03,block_02,2024,winter,train,0.6406479058332951,0.6305770621150232,0.03,0.1,1,1.0,0.48835540128740784,0.5330148251527813,M_02,H_02
demo_02_04,site_02_04,block_02,2023,spring,train,0.3847798848626353,0.5394835953261771,0.03,0.1,1,1.0,0.2438031193775816,0.2979145653743233,M_02,H_02
demo_02_05,site_02_05,block_02,2024,summer,train,0.5457603471628266,0.3891034141753005,0.13,0.03,1,1.0,0.24025762549750618,0.4212661031049632,M_02,H_02
demo_02_06,site_02_06,block_02,2023,autumn,train,0.8437036927929261,0.33702664556344675,0.13,0.03,1,1.0,0.6947046359198319,0.7624909481800992,M_02,H_02
demo_02_07,site_02_07,block_02,2024,winter,train,0.5459963435546547,0.2592325579840895,0.03,0.1,1,1.0,0.409568137368542,0.5698868032544492,M_02,H_02
demo_02_08,site_02_08,block_02,2023,spring,train,0.40916306838990374,0.694482329746409,0.03,0.1,1,1.0,0.3893006285251097,0.38274766474360356,M_02,H_02
demo_02_09,site_02_09,block_02,2024,summer,train,0.3942115538970669,0.3294005422460653,0.13,0.03,0,1.0,0.18910082781556548,,M_02,H_02
demo_02_10,site_02_10,block_02,2023,autumn,train,0.4011479450348005,0.7926234798755608,0.13,0.03,1,1.0,0.27190185658657423,0.25723792757303676,M_02,H_02
demo_02_11,site_02_11,block_02,2024,winter,train,0.09390099697721518,0.7969096982403743,0.03,0.1,1,1.0,0.07258907220508543,0.06299672803439407,M_02,H_02
demo_02_12,site_02_12,block_02,2023,spring,train,0.7346198365802227,0.38504619697599884,0.03,0.1,1,1.0,0.5138008505084423,0.7278788661247126,M_02,H_02
demo_02_13,site_02_13,block_02,2024,summer,train,0.5670663586453313,0.32761351854847964,0.13,0.03,1,1.0,0.39086449492814,0.5586871609000025,M_02,H_02
demo_02_14,site_02_14,block_02,2023,autumn,train,0.8487061805376465,0.41676921382867116,0.13,0.03,0,1.0,0.6982029105013238,,M_02,H_02
demo_02_15,site_02_15,block_02,2024,winter,train,0.2974887626450498,0.8176874198177724,0.03,0.1,1,1.0,0.2165621599452977,0.16370800124294643,M_02,H_02
demo_02_16,site_02_16,block_02,2023,spring,train,0.6041541404673784,0.7659697440154095,0.03,0.1,1,1.0,0.5264236901202032,0.39873259945680756,M_02,H_02
demo_02_17,site_02_17,block_02,2024,summer,train,0.999,0.7988772631301025,0.13,0.03,1,1.0,0.7413691197910405,0.6056431022569714,M_02,H_02
demo_02_18,site_02_18,block_02,2023,autumn,train,0.4010224604519872,0.6620963039814143,0.13,0.03,1,1.0,0.24221531881824668,0.3005380501474284,M_02,H_02
demo_02_19,site_02_19,block_02,2024,winter,train,0.3748094740946981,0.5986083506076059,0.03,0.1,1,1.0,0.14302818472236029,0.313545457964085,M_02,H_02
demo_02_20,site_02_20,block_02,2023,spring,train,0.5907448453571851,0.46990227750838987,0.03,0.1,1,1.0,0.4075453282690233,0.4948605013378251,M_02,H_02
demo_02_21,site_02_21,block_02,2024,summer,train,0.7417018420505717,0.6008900323289134,0.13,0.03,1,1.0,0.42611795980885725,0.5247220058670066,M_02,H_02
demo_02_22,site_02_22,block_02,2023,autumn,train,0.7124613474583883,0.5674172436108671,0.13,0.03,1,1.0,0.6630890068878481,0.6473326904604951,M_02,H_02
demo_02_23,site_02_23,block_02,2024,winter,train,0.794301525712368,0.6788507139098593,0.03,0.1,1,1.0,0.6867649129688624,0.5367944380500095,M_02,H_02
demo_03_00,site_03_00,block_03,2023,spring,train,0.14898724036470723,0.17007391038238837,0.03,0.1,1,1.0,0.0,0.3087428750088185,M_03,H_03
demo_03_01,site_03_01,block_03,2024,summer,train,0.4832023672113816,0.18135396441768414,0.13,0.03,1,1.0,0.26559796572153477,0.49472230472245343,M_03,H_03
demo_03_02,site_03_02,block_03,2023,autumn,train,0.5261284028718674,0.43044501005359326,0.13,0.03,1,1.0,0.2757712489709015,0.4439328854430901,M_03,H_03
demo_03_03,site_03_03,block_03,2024,winter,train,0.7563987695953195,0.34701077132276464,0.03,0.1,1,1.0,0.49773445626202845,0.7103866352632192,M_03,H_03
demo_03_04,site_03_04,block_03,2023,spring,train,0.43179924108285717,0.7506931932878822,0.03,0.1,1,1.0,0.38539801199969626,0.30685661263036385,M_03,H_03
demo_03_05,site_03_05,block_03,2024,summer,train,0.9623302538478381,0.797828530393042,0.13,0.03,1,1.0,0.7012780647349679,0.572326975751629,M_03,H_03
demo_03_06,site_03_06,block_03,2023,autumn,train,0.18762395691771314,0.7251699011114872,0.13,0.03,1,1.0,0.1210190104477801,0.18516799131793962,M_03,H_03
demo_03_07,site_03_07,block_03,2024,winter,train,0.21853411012197999,0.673282713858172,0.03,0.1,1,1.0,0.11942793323207605,0.20986318699257736,M_03,H_03
demo_03_08,site_03_08,block_03,2023,spring,train,0.7361170185264095,0.4577566476786525,0.03,0.1,1,1.0,0.6122390661657255,0.6128238543043923,M_03,H_03
demo_03_09,site_03_09,block_03,2024,summer,train,0.5430814522242324,0.2522395046460629,0.13,0.03,1,1.0,0.2367676849883561,0.47272003032627463,M_03,H_03
demo_03_10,site_03_10,block_03,2023,autumn,train,0.8618361856925687,0.5593676119690436,0.13,0.03,0,1.0,0.6864049742176699,,M_03,H_03
demo_03_11,site_03_11,block_03,2024,winter,train,0.6272178667450414,0.001,0.03,0.1,1,1.0,0.41817810672202377,0.6582289814080882,M_03,H_03
demo_03_12,site_03_12,block_03,2023,spring,train,0.8182136393726742,0.2682860297332803,0.03,0.1,1,1.0,0.6192722206392323,0.768938433162688,M_03,H_03
demo_03_13,site_03_13,block_03,2024,summer,train,0.4162250455639921,0.1817577118673152,0.13,0.03,1,1.0,0.37027996926543194,0.6409888403808756,M_03,H_03
demo_03_14,site_03_14,block_03,2023,autumn,train,0.786690404198114,0.5399046146238625,0.13,0.03,1,1.0,0.5918717778967562,0.5960009593267932,M_03,H_03
demo_03_15,site_03_15,block_03,2024,winter,train,0.2345128569826052,0.3425061477448088,0.03,0.1,1,1.0,0.07011789235893974,0.26301946174708,M_03,H_03
demo_03_16,site_03_16,block_03,2023,spring,train,0.17086493293675176,0.6960203666115281,0.03,0.1,1,1.0,0.14752084545176042,0.09497747091280476,M_03,H_03
demo_03_17,site_03_17,block_03,2024,summer,train,0.7408015439329967,0.874694879134416,0.13,0.03,1,1.0,0.6516332811979236,0.5391434326864666,M_03,H_03
demo_03_18,site_03_18,block_03,2023,autumn,train,0.5123707407157496,0.8078322731038288,0.13,0.03,1,1.0,0.5725989604429792,0.4248191178724684,M_03,H_03
demo_03_19,site_03_19,block_03,2024,winter,train,0.4019959363596302,0.2829596567546445,0.03,0.1,1,1.0,0.20231972116994384,0.4031217202009895,M_03,H_03
demo_03_20,site_03_20,block_03,2023,spring,train,0.35664800045481043,0.8586582961962003,0.03,0.1,1,1.0,0.25416067640632684,0.15895802636752304,M_03,H_03
demo_03_21,site_03_21,block_03,2024,summer,train,0.40295789138435784,0.8603862132118837,0.13,0.03,1,1.0,0.3977858837026783,0.27779221834933315,M_03,H_03
demo_03_22,site_03_22,block_03,2023,autumn,train,0.14376803536298255,0.6498262022733166,0.13,0.03,0,1.0,0.12654532788573986,,M_03,H_03
demo_03_23,site_03_23,block_03,2024,winter,train,0.3969003447528971,0.5977332194347833,0.03,0.1,1,1.0,0.2448442591669789,0.3512558611271308,M_03,H_03
demo_04_00,site_04_00,block_04,2023,spring,train,0.35281524525231883,0.6998463787047167,0.03,0.1,1,1.0,0.24229640734150729,0.26173896792178863,M_04,H_04
demo_04_01,site_04_01,block_04,2024,summer,train,0.42561937541238065,0.7441624706998308,0.13,0.03,1,1.0,0.31022639771119975,0.29762610797711536,M_04,H_04
demo_04_02,site_04_02,block_04,2023,autumn,train,0.6624496066789423,0.33769325102993014,0.13,0.03,1,1.0,0.5490415637890911,0.6792704347382642,M_04,H_04
demo_04_03,site_04_03,block_04,2024,winter,train,0.3027514450826626,0.481779994914934,0.03,0.1,1,1.0,0.19093130088289553,0.2910144067234014,M_04,H_04
demo_04_04,site_04_04,block_04,2023,spring,train,0.1568976276900134,0.1357226737402946,0.03,0.1,1,1.0,0.0,0.2957761906525561,M_04,H_04
demo_04_05,site_04_05,block_04,2024,summer,train,0.6679757876924963,0.6522971312984869,0.13,0.03,1,1.0,0.4186149489549522,0.39031093756955115,M_04,H_04
demo_04_06,site_04_06,block_04,2023,autumn,train,0.4002710641495083,0.6578934152926665,0.13,0.03,0,1.0,0.20969076512864643,,M_04,H_04
demo_04_07,site_04_07,block_04,2024,winter,train,0.1503592335420345,0.44203848805462864,0.03,0.1,1,1.0,0.006976017609224387,0.15688326742978853,M_04,H_04
demo_04_08,site_04_08,block_04,2023,spring,train,0.3912863172605899,0.7028704087325833,0.03,0.1,1,1.0,0.19101167818754158,0.24970318474217928,M_04,H_04
demo_04_09,site_04_09,block_04,2024,summer,train,0.9012129711165248,0.8612742287995818,0.13,0.03,1,1.0,0.7276522093767632,0.5804107419568675,M_04,H_04
demo_04_10,site_04_10,block_04,2023,autumn,train,0.5294077871477805,0.9245519950911165,0.13,0.03,1,1.0,0.7742524883743079,0.5746149562396048,M_04,H_04
demo_04_11,site_04_11,block_04,2024,winter,train,0.6237605119831167,0.5383125985083245,0.03,0.1,1,1.0,0.3646099884330395,0.5082756135184956,M_04,H_04
demo_04_12,site_04_12,block_04,2023,spring,train,0.777977588983303,0.47896177787022187,0.03,0.1,1,1.0,0.5029869782539951,0.662520859419151,M_04,H_04
demo_04_13,site_04_13,block_04,2024,summer,train,0.5827624613359146,0.34922327352011906,0.13,0.03,1,1.0,0.25029747864902396,0.4654195213888821,M_04,H_04
demo_04_14,site_04_14,block_04,2023,autumn,train,0.3163927020913781,0.8077726793283838,0.13,0.03,0,1.0,0.33972304835026335,,M_04,H_04
demo_04_15,site_04_15,block_04,2024,winter,train,0.6701872851102381,0.40279629639669523,0.03,0.1,1,1.0,0.5133704506526355,0.6168117262799884,M_04,H_04
demo_04_16,site_04_16,block_04,2023,spring,train,0.6566368204736809,0.9593494732821252,0.03,0.1,0,1.0,0.5724570116709521,,M_04,H_04
demo_04_17,site_04_17,block_04,2024,summer,train,0.44022442491612196,0.8073776408577958,0.13,0.03,1,1.0,0.5112688496994638,0.4105797758550973,M_04,H_04
demo_04_18,site_04_18,block_04,2023,autumn,train,0.18042517851347717,0.5134845801356108,0.13,0.03,1,1.0,0.06831384808178431,0.250475932737614,M_04,H_04
demo_04_19,site_04_19,block_04,2024,winter,train,0.3368601357170444,0.32545827790804766,0.03,0.1,1,1.0,0.1298687896956592,0.3751456956884817,M_04,H_04
demo_04_20,site_04_20,block_04,2023,spring,train,0.6890710728394283,0.4828013431468501,0.03,0.1,1,1.0,0.5190719105745879,0.5497756795843578,M_04,H_04
demo_04_21,site_04_21,block_04,2024,summer,train,0.6808815251266759,0.5431216246030629,0.13,0.03,1,1.0,0.5662431769127546,0.5907127623794384,M_04,H_04
demo_04_22,site_04_22,block_04,2023,autumn,train,0.3089140259827638,0.1911297746801665,0.13,0.03,1,1.0,0.04506196154179396,0.4099220323615052,M_04,H_04
demo_04_23,site_04_23,block_04,2024,winter,train,0.5346823343537311,0.11880313368659962,0.03,0.1,1,1.0,0.31804247335468955,0.48781714111114083,M_04,H_04
demo_05_00,site_05_00,block_05,2023,spring,train,0.6969009122364552,0.4682802588113444,0.03,0.1,1,1.0,0.5327621224600744,0.6013984931029775,M_05,H_05
demo_05_01,site_05_01,block_05,2024,summer,train,0.5351459377697696,0.37619358420482363,0.13,0.03,1,1.0,0.12556125273831653,0.40079243681360655,M_05,H_05
demo_05_02,site_05_02,block_05,2023,autumn,train,0.5701032426039208,0.6661140168905042,0.13,0.03,1,1.0,0.4199543375309047,0.3765320819270367,M_05,H_05
demo_05_03,site_05_03,block_05,2024,winter,train,0.5067984785693125,0.8053835788566717,0.03,0.1,1,1.0,0.41322948269175713,0.3721308401811311,M_05,H_05
demo_05_04,site_05_04,block_05,2023,spring,train,0.40694341312984356,0.16131071245999495,0.03,0.1,1,1.0,0.1637705878490865,0.4339467476877385,M_05,H_05
demo_05_05,site_05_05,block_05,2024,summer,train,0.3417557901888852,0.7403553848317904,0.13,0.03,1,1.0,0.22261676352939727,0.21184672311679978,M_05,H_05
demo_05_06,site_05_06,block_05,2023,autumn,train,0.821993538985412,0.43982891766439136,0.13,0.03,1,1.0,0.6194312133144789,0.6709895284964904,M_05,H_05
demo_05_07,site_05_07,block_05,2024,winter,train,0.7584320582939045,0.2969390855132309,0.03,0.1,1,1.0,0.5890658919332481,0.7058444335262594,M_05,H_05
demo_05_08,site_05_08,block_05,2023,spring,train,0.36248403243788724,0.4720265629212753,0.03,0.1,1,1.0,0.17419092227401206,0.3189936136814493,M_05,H_05
demo_05_09,site_05_09,block_05,2024,summer,train,0.4045977615758021,0.7423916963646712,0.13,0.03,1,1.0,0.2986040702565137,0.23008983134627506,M_05,H_05
demo_05_10,site_05_10,block_05,2023,autumn,train,0.7193343365552345,0.3607065463588444,0.13,0.03,1,1.0,0.2644320385058686,0.49940086807195117,M_05,H_05
demo_05_11,site_05_11,block_05,2024,winter,train,0.24895232752736646,0.6530762825463537,0.03,0.1,1,1.0,0.12214732560926436,0.17323052753205964,M_05,H_05
demo_05_12,site_05_12,block_05,2023,spring,train,0.6149525921226886,0.2715724212568066,0.03,0.1,1,1.0,0.4964750247355004,0.650141419579,M_05,H_05
demo_05_13,site_05_13,block_05,2024,summer,train,0.8147501142467615,0.29004561183458927,0.13,0.03,1,1.0,0.5968487837634172,0.7588732929317672,M_05,H_05
demo_05_14,site_05_14,block_05,2023,autumn,train,0.6870466406707698,0.8177967097670437,0.13,0.03,1,1.0,0.4016756970235498,0.34478380149995924,M_05,H_05
demo_05_15,site_05_15,block_05,2024,winter,train,0.5655282094526037,0.8438218841040147,0.03,0.1,1,1.0,0.46763489743164693,0.43565930982267187,M_05,H_05
demo_05_16,site_05_16,block_05,2023,spring,train,0.5099352013029227,0.6128486529820353,0.03,0.1,1,1.0,0.46749181611543933,0.488706007520496,M_05,H_05
demo_05_17,site_05_17,block_05,2024,summer,train,0.601389270122429,0.6130472031546293,0.13,0.03,1,1.0,0.5621819503493696,0.5788573818510765,M_05,H_05
demo_05_18,site_05_18,block_05,2023,autumn,train,0.7490425870621813,0.43378814159755374,0.13,0.03,1,1.0,0.5592730384318987,0.6388668286887671,M_05,H_05
demo_05_19,site_05_19,block_05,2024,winter,train,0.6478205601858215,0.9028404290626326,0.03,0.1,0,1.0,0.5305512157260359,,M_05,H_05
demo_05_20,site_05_20,block_05,2023,spring,train,0.23842760233481636,0.5676053867930454,0.03,0.1,1,1.0,0.12395861386249808,0.31682759023487805,M_05,H_05
demo_05_21,site_05_21,block_05,2024,summer,train,0.6649975598233495,0.5020813523582259,0.13,0.03,1,1.0,0.4825568434981261,0.566070717891235,M_05,H_05
demo_05_22,site_05_22,block_05,2023,autumn,train,0.8476860558564071,0.8636632817780601,0.13,0.03,1,1.0,0.6643167712931546,0.5323349743123449,M_05,H_05
demo_05_23,site_05_23,block_05,2024,winter,train,0.6319048920879234,0.7239308589438087,0.03,0.1,1,1.0,0.5619724838220163,0.5324951183660334,M_05,H_05
demo_06_00,site_06_00,block_06,2023,spring,train,0.6563648171243034,0.5022809188869634,0.03,0.1,1,1.0,0.5319922113372824,0.5853524529070124,M_06,H_06
demo_06_01,site_06_01,block_06,2024,summer,train,0.5751483392000325,0.8240487512485275,0.13,0.03,1,1.0,0.4148542601572469,0.35180426569913126,M_06,H_06
demo_06_02,site_06_02,block_06,2023,autumn,train,0.26237785583549966,0.7637026867837697,0.13,0.03,1,1.0,0.3032336492869191,0.25164836234431276,M_06,H_06
demo_06_03,site_06_03,block_06,2024,winter,train,0.37040467215309436,0.8652780104443633,0.03,0.1,1,1.0,0.3067390673266184,0.2618473913160159,M_06,H_06
demo_06_04,site_06_04,block_06,2023,spring,train,0.6963675611389617,0.35081186639524486,0.03,0.1,1,1.0,0.381720217310869,0.6561226885170779,M_06,H_06
demo_06_05,site_06_05,block_06,2024,summer,train,0.5759645385227183,0.4030965996460853,0.13,0.03,1,1.0,0.2901305145285885,0.42705715357706603,M_06,H_06
demo_06_06,site_06_06,block_06,2023,autumn,train,0.8471253649521681,0.27863326420381557,0.13,0.03,1,1.0,0.5905942664792647,0.7776297750490888,M_06,H_06
demo_06_07,site_06_07,block_06,2024,winter,train,0.2985749346850877,0.2398975132067288,0.03,0.1,1,1.0,0.14432015176017005,0.38773769914036127,M_06,H_06
demo_06_08,site_06_08,block_06,2023,spring,train,0.7214000237535801,0.5754482344173213,0.03,0.1,1,1.0,0.5286693579448218,0.6171457983011068,M_06,H_06
demo_06_09,site_06_09,block_06,2024,summer,train,0.49812446372146646,0.6113848080739811,0.13,0.03,1,1.0,0.4913520045376301,0.46243244365629266,M_06,H_06
demo_06_10,site_06_10,block_06,2023,autumn,train,0.25711337214231855,0.3342686137455425,0.13,0.03,1,1.0,0.2504890969747195,0.43094070738821666,M_06,H_06
demo_06_11,site_06_11,block_06,2024,winter,train,0.8614012982564524,0.9093312577564453,0.03,0.1,1,1.0,0.782052211239315,0.6695949463716024,M_06,H_06
demo_06_12,site_06_12,block_06,2023,spring,train,0.19789126346100405,0.6643147768418853,0.03,0.1,1,1.0,0.1616095035990448,0.14932300006666313,M_06,H_06
demo_06_13,site_06_13,block_06,2024,summer,train,0.8627622780243167,0.7826087395251227,0.13,0.03,1,1.0,0.6587883802344243,0.5328654861764285,M_06,H_06
demo_06_14,site_06_14,block_06,2023,autumn,train,0.999,0.23666461962903446,0.13,0.03,1,1.0,0.6249838273820537,0.8542671159858751,M_06,H_06
demo_06_15,site_06_15,block_06,2024,winter,train,0.5130920925088407,0.4672252016668945,0.03,0.1,1,1.0,0.3819657076229904,0.42616648085181547,M_06,H_06
demo_06_16,site_06_16,block_06,2023,spring,train,0.7167187011121458,0.5844567496689699,0.03,0.1,1,1.0,0.6357274824531027,0.6332262003258142,M_06,H_06
demo_06_17,site_06_17,block_06,2024,summer,train,0.13509273175006314,0.29740323502072435,0.13,0.03,1,1.0,0.09654317974803857,0.3435838758864802,M_06,H_06
demo_06_18,site_06_18,block_06,2023,autumn,train,0.3906478572941069,0.5917523248253909,0.13,0.03,1,1.0,0.04392208821000392,0.17483297052533558,M_06,H_06
demo_06_19,site_06_19,block_06,2024,winter,train,0.307193116872745,0.28022393897876174,0.03,0.1,1,1.0,0.05115543556665707,0.3434444794165922,M_06,H_06
demo_06_20,site_06_20,block_06,2023,spring,train,0.7427780904880843,0.48830765187945585,0.03,0.1,1,1.0,0.587242871608985,0.5151969259376484,M_06,H_06
demo_06_21,site_06_21,block_06,2024,summer,train,0.2678642671901411,0.7852890131098722,0.13,0.03,0,1.0,0.24078033966152101,,M_06,H_06
demo_06_22,site_06_22,block_06,2023,autumn,train,0.8433536774909685,0.6245667439984631,0.13,0.03,1,1.0,0.6433408610867323,0.5997343323674404,M_06,H_06
demo_06_23,site_06_23,block_06,2024,winter,train,0.7791628038918751,0.19067103965186044,0.03,0.1,1,1.0,0.4896785726903781,0.7139851101721448,M_06,H_06
demo_07_00,site_07_00,block_07,2023,spring,train,0.6766496116314781,0.4670143741009494,0.03,0.1,1,1.0,0.5070752303450914,0.6467942408245048,M_07,H_07
demo_07_01,site_07_01,block_07,2024,summer,train,0.3850953253926793,0.5368339291638548,0.13,0.03,1,1.0,0.4490294032076921,0.4740464035438474,M_07,H_07
demo_07_02,site_07_02,block_07,2023,autumn,train,0.33343850565887356,0.729956610868654,0.13,0.03,1,1.0,0.3533041068056895,0.30658909041216686,M_07,H_07
demo_07_03,site_07_03,block_07,2024,winter,train,0.15653893789304546,0.9051593375939037,0.03,0.1,1,1.0,0.08261531846969568,0.13844405934743068,M_07,H_07
demo_07_04,site_07_04,block_07,2023,spring,train,0.4659460683839607,0.151596244306741,0.03,0.1,1,1.0,0.30400225697994954,0.5840768456704549,M_07,H_07
demo_07_05,site_07_05,block_07,2024,summer,train,0.300834876462996,0.8118748980274645,0.13,0.03,1,1.0,0.22352734286623804,0.2009848095469945,M_07,H_07
demo_07_06,site_07_06,block_07,2023,autumn,train,0.5059646636626777,0.6330750780206184,0.13,0.03,1,1.0,0.26022738297079934,0.38357529184392747,M_07,H_07
demo_07_07,site_07_07,block_07,2024,winter,train,0.732129612866697,0.128838134684662,0.03,0.1,1,1.0,0.5020092697564829,0.7114562352069403,M_07,H_07
demo_07_08,site_07_08,block_07,2023,spring,train,0.7466883590506546,0.42389649193286655,0.03,0.1,1,1.0,0.6075247268335108,0.6982577843817742,M_07,H_07
demo_07_09,site_07_09,block_07,2024,summer,train,0.24727450543986862,0.1995270099467777,0.13,0.03,1,1.0,0.19280500105047185,0.47477944233972236,M_07,H_07
demo_07_10,site_07_10,block_07,2023,autumn,train,0.5188999892872578,0.23655503164504654,0.13,0.03,1,1.0,0.2930750875789254,0.5608780857693652,M_07,H_07
demo_07_11,site_07_11,block_07,2024,winter,train,0.28318069702382254,0.9329822789122939,0.03,0.1,1,1.0,0.2734879871181514,0.17832236639452453,M_07,H_07
demo_07_12,site_07_12,block_07,2023,spring,train,0.644886388219474,0.40208715288865143,0.03,0.1,1,1.0,0.3490631286245891,0.6100395307698506,M_07,H_07
demo_07_13,site_07_13,block_07,2024,summer,train,0.48749892220417507,0.49074454756660624,0.13,0.03,1,1.0,0.30717304961442216,0.45041998752905876,M_07,H_07
demo_07_14,site_07_14,block_07,2023,autumn,train,0.27312244645635486,0.3899091445149708,0.13,0.03,1,1.0,0.11386169150893269,0.3487851861546859,M_07,H_07
demo_07_15,site_07_15,block_07,2024,winter,train,0.7987690590221852,0.2123971195583016,0.03,0.1,0,1.0,0.5428296296427914,,M_07,H_07
demo_07_16,site_07_16,block_07,2023,spring,train,0.8361192329029984,0.47275486481488743,0.03,0.1,1,1.0,0.6563158024208942,0.6702371123206384,M_07,H_07
demo_07_17,site_07_17,block_07,2024,summer,train,0.7278491911140164,0.26300209027787796,0.13,0.03,0,1.0,0.43278788793202655,,M_07,H_07
demo_07_18,site_07_18,block_07,2023,autumn,train,0.7414153355004074,0.5752355308582462,0.13,0.03,1,1.0,0.6825284006657041,0.6199870327775749,M_07,H_07
demo_07_19,site_07_19,block_07,2024,winter,train,0.5173107692573576,0.2286261633380116,0.03,0.1,1,1.0,0.2817923850405617,0.5569014721106247,M_07,H_07
demo_07_20,site_07_20,block_07,2023,spring,train,0.3551927789436989,0.7303816089129803,0.03,0.1,1,1.0,0.3812909836215947,0.31469526348215365,M_07,H_07
demo_07_21,site_07_21,block_07,2024,summer,train,0.378220343900943,0.6533895943933355,0.13,0.03,1,1.0,0.3434006282782797,0.352760888150648,M_07,H_07
demo_07_22,site_07_22,block_07,2023,autumn,train,0.5334873284833465,0.2644020866108201,0.13,0.03,1,1.0,0.17334317226025112,0.4429739821601995,M_07,H_07
demo_07_23,site_07_23,block_07,2024,winter,train,0.6499861480774295,0.47764297005396417,0.03,0.1,1,1.0,0.4782539966529112,0.5143380725229844,M_07,H_07
demo_08_00,site_08_00,block_08,2023,spring,train,0.2686318940348855,0.8098881974980399,0.03,0.1,1,1.0,0.14262748576715661,0.1681645024262139,M_08,H_08
demo_08_01,site_08_01,block_08,2024,summer,train,0.7578555693679653,0.8571577253854912,0.13,0.03,1,1.0,0.7964161620667874,0.6668100603359128,M_08,H_08
demo_08_02,site_08_02,block_08,2023,autumn,train,0.09065009834302858,0.5531881816633167,0.13,0.03,0,1.0,0.030516777308092755,,M_08,H_08
demo_08_03,site_08_03,block_08,2024,winter,train,0.8318081448857355,0.999,0.03,0.1,1,1.0,0.7515807484999897,0.5220871967761436,M_08,H_08
demo_08_04,site_08_04,block_08,2023,spring,train,0.260811327118949,0.6171326407183955,0.03,0.1,1,1.0,0.12557894740024955,0.2709972702959023,M_08,H_08
demo_08_05,site_08_05,block_08,2024,summer,train,0.999,0.7202898108782361,0.13,0.03,1,1.0,0.7252166713681746,0.6572908271441281,M_08,H_08
demo_08_06,site_08_06,block_08,2023,autumn,train,0.6664889440788364,0.3292625709013601,0.13,0.03,1,1.0,0.4834897982986165,0.6409996103296166,M_08,H_08
demo_08_07,site_08_07,block_08,2024,winter,train,0.46687485112487215,0.4877222367701696,0.03,0.1,1,1.0,0.4106937530582463,0.5200584247628735,M_08,H_08
demo_08_08,site_08_08,block_08,2023,spring,train,0.44825787736138706,0.5555751335103469,0.03,0.1,0,1.0,0.3295243078733848,,M_08,H_08
demo_08_09,site_08_09,block_08,2024,summer,train,0.999,0.48930042535624024,0.13,0.03,1,1.0,0.6408244631148133,0.7077461817822952,M_08,H_08
demo_08_10,site_08_10,block_08,2023,autumn,train,0.5048150499711004,0.2290541255396178,0.13,0.03,0,1.0,0.2770195491620965,,M_08,H_08
demo_08_11,site_08_11,block_08,2024,winter,train,0.3158854479187976,0.4599791858854739,0.03,0.1,1,1.0,0.1655201035130913,0.325320625023785,M_08,H_08
demo_08_12,site_08_12,block_08,2023,spring,train,0.6716862224406992,0.39392497420123895,0.03,0.1,0,1.0,0.42654641725220305,,M_08,H_08
demo_08_13,site_08_13,block_08,2024,summer,train,0.999,0.6408659312297051,0.13,0.03,1,1.0,0.701328035865258,0.6460253327439829,M_08,H_08
demo_08_14,site_08_14,block_08,2023,autumn,train,0.6092337872526083,0.5679289827261322,0.13,0.03,1,1.0,0.5330037361987087,0.5403612227165804,M_08,H_08
demo_08_15,site_08_15,block_08,2024,winter,train,0.14859633650906262,0.42691956597008707,0.03,0.1,1,1.0,0.11774878504032456,0.24593575558462832,M_08,H_08
demo_08_16,site_08_16,block_08,2023,spring,train,0.49980070833103796,0.6339242636227315,0.03,0.1,1,1.0,0.3880123618788443,0.3863168242809281,M_08,H_08
demo_08_17,site_08_17,block_08,2024,summer,train,0.9328854852041109,0.5686017105055781,0.13,0.03,0,1.0,0.7071837225025956,,M_08,H_08
demo_08_18,site_08_18,block_08,2023,autumn,train,0.9549564655024552,0.6111443384980897,0.13,0.03,1,1.0,0.5827959978145353,0.6358693120208632,M_08,H_08
demo_08_19,site_08_19,block_08,2024,winter,train,0.6449427108621423,0.09802861881197947,0.03,0.1,1,1.0,0.39329863119614417,0.6532859141983818,M_08,H_08
demo_08_20,site_08_20,block_08,2023,spring,train,0.490588340798842,0.523680934713699,0.03,0.1,1,1.0,0.35946159533648636,0.3680544961587275,M_08,H_08
demo_08_21,site_08_21,block_08,2024,summer,train,0.999,0.7231436290544404,0.13,0.03,1,1.0,0.7433009138383609,0.5648784000587758,M_08,H_08
demo_08_22,site_08_22,block_08,2023,autumn,train,0.6553093901569929,0.24006636213751098,0.13,0.03,1,1.0,0.33944367273427817,0.5706537552301163,M_08,H_08
demo_08_23,site_08_23,block_08,2024,winter,train,0.2339956467037695,0.6736908749457113,0.03,0.1,1,1.0,0.16421467859653696,0.21758406523346566,M_08,H_08
demo_09_00,site_09_00,block_09,2023,spring,train,0.48941978580203765,0.2894274001004899,0.03,0.1,1,1.0,0.2875380491039822,0.521613095714526,M_09,H_09
demo_09_01,site_09_01,block_09,2024,summer,train,0.41417623756729305,0.8371238106888463,0.13,0.03,1,1.0,0.3377570751907663,0.31824380872793373,M_09,H_09
demo_09_02,site_09_02,block_09,2023,autumn,train,0.13771667507216817,0.8154237264755368,0.13,0.03,1,1.0,0.3047411117577174,0.2727890768890337,M_09,H_09
demo_09_03,site_09_03,block_09,2024,winter,train,0.7471121295064792,0.5280392856139097,0.03,0.1,1,1.0,0.6666151963414962,0.6217631156776418,M_09,H_09
demo_09_04,site_09_04,block_09,2023,spring,train,0.7501571274957566,0.4071292136082749,0.03,0.1,0,1.0,0.6339987488144305,,M_09,H_09
demo_09_05,site_09_05,block_09,2024,summer,train,0.3285753113528972,0.5246232072094876,0.13,0.03,1,1.0,0.3289027437985303,0.3886938566027357,M_09,H_09
demo_09_06,site_09_06,block_09,2023,autumn,train,0.8012467449345333,0.19948465735814555,0.13,0.03,1,1.0,0.5667612748973568,0.7332532653754088,M_09,H_09
demo_09_07,site_09_07,block_09,2024,winter,train,0.6084008398896306,0.08525281632311518,0.03,0.1,1,1.0,0.32920537191746385,0.583181793670654,M_09,H_09
demo_09_08,site_09_08,block_09,2023,spring,train,0.17986233350966774,0.31174927282369325,0.03,0.1,1,1.0,0.0,0.28991916471010476,M_09,H_09
demo_09_09,site_09_09,block_09,2024,summer,train,0.595543334405825,0.6869657428773132,0.13,0.03,1,1.0,0.6259508270249275,0.5606081900652832,M_09,H_09
demo_09_10,site_09_10,block_09,2023,autumn,train,0.3621360341468119,0.21730966807229032,0.13,0.03,1,1.0,0.14736392607580678,0.45795401867913144,M_09,H_09
demo_09_11,site_09_11,block_09,2024,winter,train,0.746594954717357,0.4140020169106021,0.03,0.1,0,1.0,0.55150772621017,,M_09,H_09
demo_09_12,site_09_12,block_09,2023,spring,train,0.1842429170970506,0.5928940004258455,0.03,0.1,0,1.0,0.11316740774891088,,M_09,H_09
demo_09_13,site_09_13,block_09,2024,summer,train,0.24421504865167643,0.7632217018232629,0.13,0.03,1,1.0,0.32352012567122523,0.3027016643943964,M_09,H_09
demo_09_14,site_09_14,block_09,2023,autumn,train,0.8621992738923063,0.17891519251044666,0.13,0.03,1,1.0,0.4346107064866295,0.6643695574201465,M_09,H_09
demo_09_15,site_09_15,block_09,2024,winter,train,0.7440362923930748,0.8831607363132055,0.03,0.1,1,1.0,0.6581396822344753,0.45455422809751334,M_09,H_09
demo_09_16,site_09_16,block_09,2023,spring,train,0.7318861636592937,0.2717212368553851,0.03,0.1,1,1.0,0.4995414425831152,0.7007955867721883,M_09,H_09
demo_09_17,site_09_17,block_09,2024,summer,train,0.7407101135142143,0.6360845230193147,0.13,0.03,1,1.0,0.7740455963250514,0.6112046514393925,M_09,H_09
demo_09_18,site_09_18,block_09,2023,autumn,train,0.3155015188639143,0.39911406646893044,0.13,0.03,1,1.0,0.4537119478654294,0.5898996392355575,M_09,H_09
demo_09_19,site_09_19,block_09,2024,winter,train,0.19587477514791765,0.3203755340842252,0.03,0.1,1,1.0,0.0,0.2813260115209275,M_09,H_09
demo_09_20,site_09_20,block_09,2023,spring,train,0.7915947934204207,0.4399856408837074,0.03,0.1,1,1.0,0.6631798208879481,0.726547793488917,M_09,H_09
demo_09_21,site_09_21,block_09,2024,summer,train,0.6840421115706546,0.7340120214330125,0.13,0.03,1,1.0,0.6049533299944201,0.49288271927559985,M_09,H_09
demo_09_22,site_09_22,block_09,2023,autumn,train,0.39434142543647044,0.3415088576231452,0.13,0.03,1,1.0,0.2439441408224723,0.49255987270719076,M_09,H_09
demo_09_23,site_09_23,block_09,2024,winter,train,0.367350322376613,0.2327333991025073,0.03,0.1,1,1.0,0.06981748073265123,0.3754381798044403,M_09,H_09
demo_10_00,site_10_00,block_10,2023,spring,train,0.6195809387994151,0.596494804917485,0.03,0.1,1,1.0,0.5090217584340458,0.49763824733028084,M_10,H_10
demo_10_01,site_10_01,block_10,2024,summer,train,0.6976463288162835,0.5838346930107168,0.13,0.03,1,1.0,0.5579980311546251,0.5746420303000012,M_10,H_10
demo_10_02,site_10_02,block_10,2023,autumn,train,0.4632779283440577,0.4226121601971948,0.13,0.03,1,1.0,0.40607526695410917,0.5332072987481086,M_10,H_10
demo_10_03,site_10_03,block_10,2024,winter,train,0.512593791240509,0.949548270400272,0.03,0.1,0,1.0,0.4730614227653644,,M_10,H_10
demo_10_04,site_10_04,block_10,2023,spring,train,0.2019868847981336,0.24980056569885964,0.03,0.1,1,1.0,0.023974138195635694,0.24123688502254495,M_10,H_10
demo_10_05,site_10_05,block_10,2024,summer,train,0.3958968904136586,0.33915045939900956,0.13,0.03,0,1.0,0.41050081820312245,,M_10,H_10
demo_10_06,site_10_06,block_10,2023,autumn,train,0.6513784762720494,0.4094633554618783,0.13,0.03,1,1.0,0.4347248849775687,0.6220139607704519,M_10,H_10
demo_10_07,site_10_07,block_10,2024,winter,train,0.7690217448690613,0.3438095064318452,0.03,0.1,1,1.0,0.5324233104776592,0.735243162051837,M_10,H_10
demo_10_08,site_10_08,block_10,2023,spring,train,0.7818356197858723,0.6015513996766506,0.03,0.1,0,1.0,0.7139458247615496,,M_10,H_10
demo_10_09,site_10_09,block_10,2024,summer,train,0.8821984007236495,0.8501372032450982,0.13,0.03,1,1.0,0.7941486961420863,0.5819289578726111,M_10,H_10
demo_10_10,site_10_10,block_10,2023,autumn,train,0.9140671776551327,0.4117457665826185,0.13,0.03,1,1.0,0.6111242153647193,0.6411615364348167,M_10,H_10
demo_10_11,site_10_11,block_10,2024,winter,train,0.2973916502966713,0.21062632910078946,0.03,0.1,1,1.0,0.1034852972578838,0.3375761455944967,M_10,H_10
demo_10_12,site_10_12,block_10,2023,spring,train,0.6807415805339367,0.2223494331283314,0.03,0.1,1,1.0,0.4286794679395643,0.6334812254567461,M_10,H_10
demo_10_13,site_10_13,block_10,2024,summer,train,0.999,0.7619258416008761,0.13,0.03,1,1.0,0.6830564636724248,0.6415847783111333,M_10,H_10
demo_10_14,site_10_14,block_10,2023,autumn,train,0.47152325250480137,0.7746173676763456,0.13,0.03,1,1.0,0.5007863463203981,0.41183209268196486,M_10,H_10
demo_10_15,site_10_15,block_10,2024,winter,train,0.4409637615439935,0.8473303026741794,0.03,0.1,1,1.0,0.4132251372419441,0.2874012681237412,M_10,H_10
demo_10_16,site_10_16,block_10,2023,spring,train,0.5065603143342756,0.43842254915187373,0.03,0.1,1,1.0,0.389360849046483,0.44316281694021065,M_10,H_10
demo_10_17,site_10_17,block_10,2024,summer,train,0.780419845962346,0.886947575240358,0.13,0.03,1,1.0,0.6219132694863156,0.4146021993369529,M_10,H_10
demo_10_18,site_10_18,block_10,2023,autumn,train,0.8517564047464647,0.5929105945014348,0.13,0.03,0,1.0,0.7125798363799,,M_10,H_10
demo_10_19,site_10_19,block_10,2024,winter,train,0.6969505157719673,0.3418053418303684,0.03,0.1,1,1.0,0.5139955131521698,0.632468758079575,M_10,H_10
demo_10_20,site_10_20,block_10,2023,spring,train,0.5535527589653313,0.719684182483478,0.03,0.1,1,1.0,0.4902876506441305,0.4656283269565207,M_10,H_10
demo_10_21,site_10_21,block_10,2024,summer,train,0.5557454473976711,0.37000910465172177,0.13,0.03,1,1.0,0.35806499123188096,0.4589081200819353,M_10,H_10
demo_10_22,site_10_22,block_10,2023,autumn,train,0.31535965956244766,0.4288931098109249,0.13,0.03,1,1.0,0.21957277957620164,0.37021903131910644,M_10,H_10
demo_10_23,site_10_23,block_10,2024,winter,train,0.857527981325367,0.9137714643945687,0.03,0.1,1,1.0,0.745545532962479,0.5834724446516079,M_10,H_10
demo_11_00,site_11_00,block_11,2023,spring,train,0.8816721101898283,0.32277918222435914,0.03,0.1,1,1.0,0.6573545158979294,0.7916382396259265,M_11,H_11
demo_11_01,site_11_01,block_11,2024,summer,train,0.44761033077779694,0.4543870289045789,0.13,0.03,1,1.0,0.35269563051315556,0.5205307327042457,M_11,H_11
demo_11_02,site_11_02,block_11,2023,autumn,train,0.15049303498397118,0.2923978396966694,0.13,0.03,1,1.0,0.07122797470980044,0.31823334880877313,M_11,H_11
demo_11_03,site_11_03,block_11,2024,winter,train,0.40203409130287515,0.7075516397753575,0.03,0.1,0,1.0,0.3183130333850558,,M_11,H_11
demo_11_04,site_11_04,block_11,2023,spring,train,0.14310256943385738,0.44639924357456634,0.03,0.1,1,1.0,0.0,0.2481983067880396,M_11,H_11
demo_11_05,site_11_05,block_11,2024,summer,train,0.6897804581227273,0.2811442518224135,0.13,0.03,1,1.0,0.5202639129754748,0.688522907027663,M_11,H_11
demo_11_06,site_11_06,block_11,2023,autumn,train,0.06831773539119904,0.4595845202160117,0.13,0.03,1,1.0,0.13250632712221677,0.3036692701237377,M_11,H_11
demo_11_07,site_11_07,block_11,2024,winter,train,0.48990339576041353,0.658659004911044,0.03,0.1,1,1.0,0.3490352653477919,0.424866765681476,M_11,H_11
demo_11_08,site_11_08,block_11,2023,spring,train,0.49249427624260084,0.5513566677248614,0.03,0.1,1,1.0,0.28588741753601504,0.4561915680486527,M_11,H_11
demo_11_09,site_11_09,block_11,2024,summer,train,0.30038363607789254,0.49099958053306386,0.13,0.03,1,1.0,0.2904017032874636,0.4537925158570695,M_11,H_11
demo_11_10,site_11_10,block_11,2023,autumn,train,0.2702968385607527,0.34083343959013357,0.13,0.03,1,1.0,0.08658110740373866,0.3839062719978602,M_11,H_11
demo_11_11,site_11_11,block_11,2024,winter,train,0.8219757252189202,0.9435216629404322,0.03,0.1,1,1.0,0.7806330153346361,0.5603052257776208,M_11,H_11
demo_11_12,site_11_12,block_11,2023,spring,train,0.2470328617452122,0.27271931061562044,0.03,0.1,1,1.0,0.058254386664452026,0.2361058551335185,M_11,H_11
demo_11_13,site_11_13,block_11,2024,summer,train,0.6854711462521307,0.8125659903259442,0.13,0.03,1,1.0,0.6461722265059846,0.4293433045188161,M_11,H_11
demo_11_14,site_11_14,block_11,2023,autumn,train,0.8055432048749096,0.36045104898887076,0.13,0.03,1,1.0,0.6808028958690469,0.761595955471195,M_11,H_11
demo_11_15,site_11_15,block_11,2024,winter,train,0.6682671434275828,0.6697370047013916,0.03,0.1,1,1.0,0.6315179534453463,0.5052145502277361,M_11,H_11
demo_11_16,site_11_16,block_11,2023,spring,train,0.7731170655259866,0.6447423187714963,0.03,0.1,1,1.0,0.6847238034336978,0.5598989572254965,M_11,H_11
demo_11_17,site_11_17,block_11,2024,summer,train,0.17367810385480353,0.8313674828795453,0.13,0.03,1,1.0,0.39757945987410426,0.27272483778197476,M_11,H_11
demo_11_18,site_11_18,block_11,2023,autumn,train,0.45826506363144887,0.31433177767931403,0.13,0.03,1,1.0,0.3547390046896425,0.5073441693240739,M_11,H_11
demo_11_19,site_11_19,block_11,2024,winter,train,0.5194225886432972,0.7927080499577039,0.03,0.1,0,1.0,0.43125912399869304,,M_11,H_11
demo_11_20,site_11_20,block_11,2023,spring,train,0.5284733498135702,0.47608803125783794,0.03,0.1,0,1.0,0.34921742680388285,,M_11,H_11
demo_11_21,site_11_21,block_11,2024,summer,train,0.6511424593030065,0.8079023024313112,0.13,0.03,1,1.0,0.559384913349139,0.4789619934748224,M_11,H_11
demo_11_22,site_11_22,block_11,2023,autumn,train,0.33230488490985,0.504441837298098,0.13,0.03,1,1.0,0.2713121211010535,0.3869330864947396,M_11,H_11
demo_11_23,site_11_23,block_11,2024,winter,train,0.23484295602900201,0.39066105665122675,0.03,0.1,1,1.0,0.06932196030317157,0.3143735738049215,M_11,H_11
demo_12_00,site_12_00,block_12,2023,spring,validation,0.707063689767903,0.5004877367070671,0.03,0.1,0,1.0,0.5395935652052648,,M_outer,H_outer
demo_12_01,site_12_01,block_12,2024,summer,validation,0.4201970627755134,0.6836976141878768,0.13,0.03,1,1.0,0.19590787840120266,0.22958872609791128,M_outer,H_outer
demo_12_02,site_12_02,block_12,2023,autumn,validation,0.5261636338815636,0.2135693942037171,0.13,0.03,1,1.0,0.2966038758518433,0.5469420218250629,M_outer,H_outer
demo_12_03,site_12_03,block_12,2024,winter,validation,0.22920316720975964,0.5966142267972615,0.03,0.1,1,1.0,0.12569716048952917,0.2232194116252828,M_outer,H_outer
demo_12_04,site_12_04,block_12,2023,spring,validation,0.7645196783700995,0.7171515077912629,0.03,0.1,1,1.0,0.6493624722481487,0.5577488680964838,M_outer,H_outer
demo_12_05,site_12_05,block_12,2024,summer,validation,0.2341357291020266,0.7193133995573817,0.13,0.03,1,1.0,0.19137961297243272,0.24732477730895353,M_outer,H_outer
demo_12_06,site_12_06,block_12,2023,autumn,validation,0.5466180704818403,0.6746657718706413,0.13,0.03,1,1.0,0.5652123386412341,0.502961850621566,M_outer,H_outer
demo_12_07,site_12_07,block_12,2024,winter,validation,0.7968943765082758,0.3770201830348216,0.03,0.1,1,1.0,0.6206909005643017,0.6496407621276937,M_outer,H_outer
demo_12_08,site_12_08,block_12,2023,spring,validation,0.1949289995648275,0.6733246202085265,0.03,0.1,1,1.0,0.1790109480330155,0.21281287515565592,M_outer,H_outer
demo_12_09,site_12_09,block_12,2024,summer,validation,0.6336094516578281,0.19886268152284461,0.13,0.03,1,1.0,0.4804468074178846,0.6772732842189995,M_outer,H_outer
demo_12_10,site_12_10,block_12,2023,autumn,validation,0.41853994014753837,0.8317519652282557,0.13,0.03,0,1.0,0.5580917390167814,,M_outer,H_outer
demo_12_11,site_12_11,block_12,2024,winter,validation,0.3588250182860676,0.6623665797466565,0.03,0.1,1,1.0,0.2951048708256159,0.19674286346417036,M_outer,H_outer
demo_12_12,site_12_12,block_12,2023,spring,validation,0.42677741290292104,0.9157159389247315,0.03,0.1,1,1.0,0.34582477457646993,0.24057261683303865,M_outer,H_outer
demo_12_13,site_12_13,block_12,2024,summer,validation,0.6048604567804794,0.5316158676375248,0.13,0.03,1,1.0,0.36142413303944293,0.4710203915136519,M_outer,H_outer
demo_12_14,site_12_14,block_12,2023,autumn,validation,0.23767273262901598,0.4089581368691838,0.13,0.03,1,1.0,0.30667450143009894,0.4981387364228621,M_outer,H_outer
demo_12_15,site_12_15,block_12,2024,winter,validation,0.6991034744948121,0.9756120104936189,0.03,0.1,1,1.0,0.6201078008318199,0.5163393494227193,M_outer,H_outer
demo_12_16,site_12_16,block_12,2023,spring,validation,0.8042766235169992,0.8521437993573201,0.03,0.1,0,1.0,0.7017581795084661,,M_outer,H_outer
demo_12_17,site_12_17,block_12,2024,summer,validation,0.543199383699021,0.6192323227997457,0.13,0.03,1,1.0,0.32167973209990175,0.38080950790780904,M_outer,H_outer
demo_12_18,site_12_18,block_12,2023,autumn,validation,0.8086569654495575,0.5920310296170496,0.13,0.03,1,1.0,0.3982162316514965,0.4320804761181751,M_outer,H_outer
demo_12_19,site_12_19,block_12,2024,winter,validation,0.46737661263029956,0.24273294805304257,0.03,0.1,1,1.0,0.26491706202600446,0.5369048385877307,M_outer,H_outer
demo_12_20,site_12_20,block_12,2023,spring,validation,0.25946586729540255,0.4982081633903197,0.03,0.1,1,1.0,0.1515938705259144,0.2803302052053601,M_outer,H_outer
demo_12_21,site_12_21,block_12,2024,summer,validation,0.3646879746476501,0.49423727397634026,0.13,0.03,1,1.0,0.08730498919265409,0.24960289207505965,M_outer,H_outer
demo_12_22,site_12_22,block_12,2023,autumn,validation,0.5579735891303788,0.7375216394805814,0.13,0.03,1,1.0,0.4501212103686831,0.38078740693906565,M_outer,H_outer
demo_12_23,site_12_23,block_12,2024,winter,validation,0.36443283100121526,0.6185960826587669,0.03,0.1,1,1.0,0.2602766905204686,0.36045674479884243,M_outer,H_outer
demo_13_00,site_13_00,block_13,2023,spring,validation,0.4851594259066491,0.1918874293232533,0.03,0.1,1,1.0,0.32310109775659496,0.6063055902535545,M_outer,H_outer
demo_13_01,site_13_01,block_13,2024,summer,validation,0.42243950042130757,0.5978107950889096,0.13,0.03,1,1.0,0.28200041383216773,0.3345857969834416,M_outer,H_outer
demo_13_02,site_13_02,block_13,2023,autumn,validation,0.001,0.8437252928940558,0.13,0.03,1,1.0,0.1576240204750071,0.17719849733777943,M_outer,H_outer
demo_13_03,site_13_03,block_13,2024,winter,validation,0.715399902385336,0.3584702385605224,0.03,0.1,1,1.0,0.47921066280890007,0.6504374064994762,M_outer,H_outer
demo_13_04,site_13_04,block_13,2023,spring,validation,0.19824492369088567,0.6434545850096461,0.03,0.1,1,1.0,0.10399345660223223,0.19942638490040135,M_outer,H_outer
demo_13_05,site_13_05,block_13,2024,summer,validation,0.5180936666277807,0.6909665441435426,0.13,0.03,1,1.0,0.31783983253285936,0.35341270076236314,M_outer,H_outer
demo_13_06,site_13_06,block_13,2023,autumn,validation,0.6385768341705989,0.2917096615193629,0.13,0.03,1,1.0,0.33221222612194623,0.5687513761692788,M_outer,H_outer
demo_13_07,site_13_07,block_13,2024,winter,validation,0.48708872258031377,0.7709383192420152,0.03,0.1,1,1.0,0.4031675979451755,0.33737121977768497,M_outer,H_outer
demo_13_08,site_13_08,block_13,2023,spring,validation,0.7529507649772068,0.4829083279894202,0.03,0.1,1,1.0,0.5902239550069125,0.6706457580689981,M_outer,H_outer
demo_13_09,site_13_09,block_13,2024,summer,validation,0.4203740409416561,0.7105717213060276,0.13,0.03,1,1.0,0.5241522814065693,0.4219184552419861,M_outer,H_outer
demo_13_10,site_13_10,block_13,2023,autumn,validation,0.5493940942313337,0.7483904027000365,0.13,0.03,1,1.0,0.5465006231407025,0.48704138194134,M_outer,H_outer
demo_13_11,site_13_11,block_13,2024,winter,validation,0.8412749689147778,0.24563778868240776,0.03,0.1,1,1.0,0.6305809814317304,0.7625783509114406,M_outer,H_outer
demo_13_12,site_13_12,block_13,2023,spring,validation,0.21134050183780378,0.659463414868158,0.03,0.1,1,1.0,0.18579933538609425,0.07832724208232812,M_outer,H_outer
demo_13_13,site_13_13,block_13,2024,summer,validation,0.5456383938235161,0.6017814309366463,0.13,0.03,1,1.0,0.3761813403485514,0.3839498886590847,M_outer,H_outer
demo_13_14,site_13_14,block_13,2023,autumn,validation,0.2957938944515586,0.6245239539151044,0.13,0.03,1,1.0,0.10774288804787917,0.21988935730265752,M_outer,H_outer
demo_13_15,site_13_15,block_13,2024,winter,validation,0.5445796937550689,0.2683762989130917,0.03,0.1,1,1.0,0.3124064989995705,0.5151651997565116,M_outer,H_outer
demo_13_16,site_13_16,block_13,2023,spring,validation,0.9069988366644772,0.7556459147001682,0.03,0.1,1,1.0,0.8119863438810822,0.6201857250566366,M_outer,H_outer
demo_13_17,site_13_17,block_13,2024,summer,validation,0.999,0.8328466429661666,0.13,0.03,1,1.0,0.6800249333138046,0.5453849458935248,M_outer,H_outer
demo_13_18,site_13_18,block_13,2023,autumn,validation,0.3612235382796849,0.8092682721320322,0.13,0.03,1,1.0,0.17317130572741812,0.1848581067772903,M_outer,H_outer
demo_13_19,site_13_19,block_13,2024,winter,validation,0.7543337938010862,0.038190250358639266,0.03,0.1,0,1.0,0.5549022454092873,,M_outer,H_outer
demo_13_20,site_13_20,block_13,2023,spring,validation,0.59348766051342,0.627918610640597,0.03,0.1,1,1.0,0.41396444670494303,0.5065536873649912,M_outer,H_outer
demo_13_21,site_13_21,block_13,2024,summer,validation,0.8057301172715763,0.8560231148422532,0.13,0.03,1,1.0,0.7211061556911068,0.5201932970908467,M_outer,H_outer
demo_13_22,site_13_22,block_13,2023,autumn,validation,0.6096067763030035,0.6440115859552474,0.13,0.03,1,1.0,0.3415606423090195,0.38869622957704353,M_outer,H_outer
demo_13_23,site_13_23,block_13,2024,winter,validation,0.45282423835318575,0.7055299686721843,0.03,0.1,1,1.0,0.29521599437546747,0.33875450096057547,M_outer,H_outer
demo_14_00,site_14_00,block_14,2023,spring,validation,0.4140487606385942,0.8787309375121464,0.03,0.1,1,1.0,0.262526206704134,0.22445241283476403,M_outer,H_outer
demo_14_01,site_14_01,block_14,2024,summer,validation,0.6740948932467414,0.8749048308795411,0.13,0.03,1,1.0,0.6637318997555787,0.4761775974996823,M_outer,H_outer
demo_14_02,site_14_02,block_14,2023,autumn,validation,0.9583964129445347,0.738800608561005,0.13,0.03,1,1.0,0.7423459459617918,0.685023145670574,M_outer,H_outer
demo_14_03,site_14_03,block_14,2024,winter,validation,0.7119324646949313,0.39536232749638656,0.03,0.1,1,1.0,0.45281503558000497,0.6134873762274519,M_outer,H_outer
demo_14_04,site_14_04,block_14,2023,spring,validation,0.9069570861778627,0.5703189950143058,0.03,0.1,1,1.0,0.6177580958088973,0.7037074141813354,M_outer,H_outer
demo_14_05,site_14_05,block_14,2024,summer,validation,0.2994287104317151,0.5271559363855958,0.13,0.03,1,1.0,0.1728496285685118,0.3408690014127369,M_outer,H_outer
demo_14_06,site_14_06,block_14,2023,autumn,validation,0.23533490326521295,0.26640363304471887,0.13,0.03,1,1.0,0.0,0.3459011085429467,M_outer,H_outer
demo_14_07,site_14_07,block_14,2024,winter,validation,0.7378799105319909,0.23583723372544785,0.03,0.1,1,1.0,0.52686260777272,0.6545690194171302,M_outer,H_outer
demo_14_08,site_14_08,block_14,2023,spring,validation,0.5885316688300721,0.6250160420605564,0.03,0.1,1,1.0,0.5026039622219903,0.471141587039989,M_outer,H_outer
demo_14_09,site_14_09,block_14,2024,summer,validation,0.5831217121963636,0.4863759299225183,0.13,0.03,1,1.0,0.3433304600887726,0.45196634139856084,M_outer,H_outer
demo_14_10,site_14_10,block_14,2023,autumn,validation,0.7163508540046049,0.4399962368371779,0.13,0.03,1,1.0,0.48771033707156,0.573170446534252,M_outer,H_outer
demo_14_11,site_14_11,block_14,2024,winter,validation,0.7453102710972075,0.5353027717963987,0.03,0.1,1,1.0,0.5803681244715551,0.7210209814701406,M_outer,H_outer
demo_14_12,site_14_12,block_14,2023,spring,validation,0.5314527057296141,0.4577901078692285,0.03,0.1,1,1.0,0.41167667512601125,0.5339055399466237,M_outer,H_outer
demo_14_13,site_14_13,block_14,2024,summer,validation,0.35013701658954643,0.865128322009432,0.13,0.03,1,1.0,0.3733260190953248,0.30958338707443933,M_outer,H_outer
demo_14_14,site_14_14,block_14,2023,autumn,validation,0.2975444413846107,0.7980230554809802,0.13,0.03,1,1.0,0.29528517369008705,0.19980889637179475,M_outer,H_outer
demo_14_15,site_14_15,block_14,2024,winter,validation,0.2358988680874119,0.4807321695293194,0.03,0.1,0,1.0,0.06966510280963567,,M_outer,H_outer
demo_14_16,site_14_16,block_14,2023,spring,validation,0.5246587162736939,0.46751012935169245,0.03,0.1,1,1.0,0.4042315009393586,0.4935990919221137,M_outer,H_outer
demo_14_17,site_14_17,block_14,2024,summer,validation,0.7367713629624425,0.30662033613683287,0.13,0.03,1,1.0,0.615515181448398,0.7450843798133308,M_outer,H_outer
demo_14_18,site_14_18,block_14,2023,autumn,validation,0.45874483773170793,0.5368597258350145,0.13,0.03,0,1.0,0.468962133250896,,M_outer,H_outer
demo_14_19,site_14_19,block_14,2024,winter,validation,0.30467438647538325,0.8080523052989247,0.03,0.1,1,1.0,0.16937466236302706,0.18746701983366248,M_outer,H_outer
demo_14_20,site_14_20,block_14,2023,spring,validation,0.5836061606221199,0.2642799265945323,0.03,0.1,1,1.0,0.3812651738257436,0.6156595769769115,M_outer,H_outer
demo_14_21,site_14_21,block_14,2024,summer,validation,0.49194459520850764,0.4587959251836737,0.13,0.03,1,1.0,0.4561757659668313,0.5359563680935168,M_outer,H_outer
demo_14_22,site_14_22,block_14,2023,autumn,validation,0.6107486348398982,0.8922296484959864,0.13,0.03,1,1.0,0.38097122521301036,0.2800125823197701,M_outer,H_outer
demo_14_23,site_14_23,block_14,2024,winter,validation,0.9246701821176595,0.7673966411504749,0.03,0.1,1,1.0,0.7794553789261772,0.5984339121564366,M_outer,H_outer
demo_15_00,site_15_00,block_15,2023,spring,validation,0.8742613254920748,0.7492201419081472,0.03,0.1,1,1.0,0.7572582940410946,0.6463525722163199,M_outer,H_outer
demo_15_01,site_15_01,block_15,2024,summer,validation,0.5647954920974679,0.4067821285552306,0.13,0.03,1,1.0,0.4664325128248055,0.5594542222520574,M_outer,H_outer
demo_15_02,site_15_02,block_15,2023,autumn,validation,0.23339311219336156,0.48427268174360355,0.13,0.03,1,1.0,0.09858981714006285,0.28274288531793934,M_outer,H_outer
demo_15_03,site_15_03,block_15,2024,winter,validation,0.568852562256918,0.4444392957257626,0.03,0.1,1,1.0,0.38395416458874293,0.5447285546862557,M_outer,H_outer
demo_15_04,site_15_04,block_15,2023,spring,validation,0.7945343785833504,0.7929298805324733,0.03,0.1,1,1.0,0.7032071656196927,0.5254867467469505,M_outer,H_outer
demo_15_05,site_15_05,block_15,2024,summer,validation,0.6207181314060171,0.5925753550500719,0.13,0.03,1,1.0,0.3702359591560625,0.4065805713395351,M_outer,H_outer
demo_15_06,site_15_06,block_15,2023,autumn,validation,0.18221858578179895,0.6390116818792055,0.13,0.03,1,1.0,0.1312413003287261,0.23006938758877724,M_outer,H_outer
demo_15_07,site_15_07,block_15,2024,winter,validation,0.71748523152304,0.7109188630911432,0.03,0.1,1,1.0,0.6298850866433329,0.5251470486061637,M_outer,H_outer
demo_15_08,site_15_08,block_15,2023,spring,validation,0.7354086115751941,0.4098367204143146,0.03,0.1,1,1.0,0.5348731649416353,0.7299084728314135,M_outer,H_outer
demo_15_09,site_15_09,block_15,2024,summer,validation,0.9985479074293284,0.35721359425524146,0.13,0.03,1,1.0,0.5776678793023318,0.708976271643591,M_outer,H_outer
demo_15_10,site_15_10,block_15,2023,autumn,validation,0.866762435150759,0.6236065360634809,0.13,0.03,1,1.0,0.4536486113867848,0.42385333682222825,M_outer,H_outer
demo_15_11,site_15_11,block_15,2024,winter,validation,0.48861347032894326,0.4044217593657875,0.03,0.1,1,1.0,0.3060228299205809,0.5450159540241561,M_outer,H_outer
demo_15_12,site_15_12,block_15,2023,spring,validation,0.7663203907620818,0.8611702065887992,0.03,0.1,1,1.0,0.67937917672325,0.5456282723482521,M_outer,H_outer
demo_15_13,site_15_13,block_15,2024,summer,validation,0.999,0.4030486050574374,0.13,0.03,1,1.0,0.6074676175962417,0.7129915947191705,M_outer,H_outer
demo_15_14,site_15_14,block_15,2023,autumn,validation,0.4972279267431303,0.40945370668785486,0.13,0.03,1,1.0,0.5301264203671224,0.6970162838325353,M_outer,H_outer
demo_15_15,site_15_15,block_15,2024,winter,validation,0.2956333506020718,0.21154660750190596,0.03,0.1,1,1.0,0.12890903008015667,0.391096980076604,M_outer,H_outer
demo_15_16,site_15_16,block_15,2023,spring,validation,0.7864288154200825,0.8125570674129545,0.03,0.1,1,1.0,0.6943997274739475,0.5142940746306424,M_outer,H_outer
demo_15_17,site_15_17,block_15,2024,summer,validation,0.7152130085794569,0.4718999308876032,0.13,0.03,1,1.0,0.34581738170983733,0.4772840558870935,M_outer,H_outer
demo_15_18,site_15_18,block_15,2023,autumn,validation,0.9123150896914984,0.34572331494761127,0.13,0.03,1,1.0,0.527224131768767,0.6699668435860824,M_outer,H_outer
demo_15_19,site_15_19,block_15,2024,winter,validation,0.643570223218134,0.8359234393412145,0.03,0.1,1,1.0,0.543571493135669,0.45817705275081794,M_outer,H_outer
demo_15_20,site_15_20,block_15,2023,spring,validation,0.8098213802013866,0.7260432022415122,0.03,0.1,1,1.0,0.72672772094031,0.5588881071658256,M_outer,H_outer
demo_15_21,site_15_21,block_15,2024,summer,validation,0.5232383153946434,0.6779300772089497,0.13,0.03,1,1.0,0.39834396334077143,0.4176443270459298,M_outer,H_outer
demo_15_22,site_15_22,block_15,2023,autumn,validation,0.303808716951784,0.48834946137644275,0.13,0.03,1,1.0,0.18866003275991078,0.2866070225568484,M_outer,H_outer
demo_15_23,site_15_23,block_15,2024,winter,validation,0.3176080264596613,0.5927502068947822,0.03,0.1,1,1.0,0.17763582756958307,0.317061176267997,M_outer,H_outer
demo_16_00,site_16_00,block_16,2025,spring,test,0.41936660467508646,0.5729854718940299,0.03,0.1,1,1.0,0.28846655761230866,0.3198658496872019,M_outer,H_outer
demo_16_01,site_16_01,block_16,2025,summer,test,0.7425221456757234,0.9136554408239286,0.13,0.03,1,1.0,0.7218661210056256,0.5569459633447804,M_outer,H_outer
demo_16_02,site_16_02,block_16,2025,autumn,test,0.34971606992708415,0.5661889931457126,0.13,0.03,0,1.0,0.1959737508544048,,M_outer,H_outer
demo_16_03,site_16_03,block_16,2025,winter,test,0.6579703388176232,0.6239061909459939,0.03,0.1,1,1.0,0.5689767999495602,0.5173372272500183,M_outer,H_outer
demo_16_04,site_16_04,block_16,2025,spring,test,0.31124258035389374,0.5326570371361962,0.03,0.1,1,1.0,0.11979375443608581,0.3336794854077759,M_outer,H_outer
demo_16_05,site_16_05,block_16,2025,summer,test,0.7743059052591242,0.39438321912886065,0.13,0.03,1,1.0,0.4880183370776099,0.6008090330647076,M_outer,H_outer
demo_16_06,site_16_06,block_16,2025,autumn,test,0.001,0.24681451584984887,0.13,0.03,1,1.0,0.012765886041851596,0.3263452386680415,M_outer,H_outer
demo_16_07,site_16_07,block_16,2025,winter,test,0.7314069959923634,0.2847846739160935,0.03,0.1,1,1.0,0.5327938134691015,0.6889508957750987,M_outer,H_outer
demo_16_08,site_16_08,block_16,2025,spring,test,0.38571231246092585,0.6326134541794822,0.03,0.1,1,1.0,0.30730808138950605,0.21752171794548789,M_outer,H_outer
demo_16_09,site_16_09,block_16,2025,summer,test,0.8975204966237478,0.38089869399662385,0.13,0.03,1,1.0,0.468348721961046,0.5678580172752227,M_outer,H_outer
demo_16_10,site_16_10,block_16,2025,autumn,test,0.640316605363912,0.1787772291378924,0.13,0.03,1,1.0,0.4993093909982921,0.6713755267159047,M_outer,H_outer
demo_16_11,site_16_11,block_16,2025,winter,test,0.6897389927105642,0.022606842370644392,0.03,0.1,1,1.0,0.5100710885191703,0.6794907943787311,M_outer,H_outer
demo_16_12,site_16_12,block_16,2025,spring,test,0.4192145027498745,0.4269666327846263,0.03,0.1,0,1.0,0.2474513884426078,,M_outer,H_outer
demo_16_13,site_16_13,block_16,2025,summer,test,0.26340917967731947,0.5187568947285214,0.13,0.03,1,1.0,0.04963744354451061,0.24819091048014322,M_outer,H_outer
demo_16_14,site_16_14,block_16,2025,autumn,test,0.7645712165545143,0.8467937561379641,0.13,0.03,1,1.0,0.5654440248727215,0.40113980911921354,M_outer,H_outer
demo_16_15,site_16_15,block_16,2025,winter,test,0.7740435265819188,0.4417502599571304,0.03,0.1,1,1.0,0.5950336281069173,0.6841433954409186,M_outer,H_outer
demo_16_16,site_16_16,block_16,2025,spring,test,0.6091666181082966,0.4913708267772065,0.03,0.1,0,1.0,0.4402685546052044,,M_outer,H_outer
demo_16_17,site_16_17,block_16,2025,summer,test,0.5255515278497019,0.7315940017711832,0.13,0.03,1,1.0,0.36706418116466893,0.3735485726115528,M_outer,H_outer
demo_16_18,site_16_18,block_16,2025,autumn,test,0.4169482305235131,0.6105007320212051,0.13,0.03,1,1.0,0.30264522580889197,0.34844474048356655,M_outer,H_outer
demo_16_19,site_16_19,block_16,2025,winter,test,0.6530259751710439,0.5336037685186639,0.03,0.1,1,1.0,0.5192214172298103,0.5311618572300589,M_outer,H_outer
demo_16_20,site_16_20,block_16,2025,spring,test,0.4619545085632412,0.986665706914181,0.03,0.1,1,1.0,0.4113214751495992,0.2971391309402455,M_outer,H_outer
demo_16_21,site_16_21,block_16,2025,summer,test,0.43490324974125977,0.8707628098109179,0.13,0.03,1,1.0,0.40304278130257903,0.30451862975928223,M_outer,H_outer
demo_16_22,site_16_22,block_16,2025,autumn,test,0.27032545592994495,0.7411456739507015,0.13,0.03,1,1.0,0.06297923631112094,0.13742521333877217,M_outer,H_outer
demo_16_23,site_16_23,block_16,2025,winter,test,0.23270965470010901,0.432610039009544,0.03,0.1,1,1.0,0.0,0.30546654263728973,M_outer,H_outer
demo_17_00,site_17_00,block_17,2025,spring,test,0.5695380584215183,0.257664641917902,0.03,0.1,1,1.0,0.3449520076632654,0.6406026729239301,M_outer,H_outer
demo_17_01,site_17_01,block_17,2025,summer,test,0.41462167667814787,0.2801491103991326,0.13,0.03,1,1.0,0.2287660488516023,0.5174055163559276,M_outer,H_outer
demo_17_02,site_17_02,block_17,2025,autumn,test,0.12076597613438529,0.27673519528610363,0.13,0.03,1,1.0,0.0,0.29206225096762006,M_outer,H_outer
demo_17_03,site_17_03,block_17,2025,winter,test,0.4638413081728397,0.9497380699131022,0.03,0.1,0,1.0,0.4479488016646929,,M_outer,H_outer
demo_17_04,site_17_04,block_17,2025,spring,test,0.1843738069035906,0.70960582527074,0.03,0.1,1,1.0,0.09564002078927497,0.09882929747982783,M_outer,H_outer
demo_17_05,site_17_05,block_17,2025,summer,test,0.4313296415777872,0.42867510082299765,0.13,0.03,1,1.0,0.2208409617142807,0.4379817371371372,M_outer,H_outer
demo_17_06,site_17_06,block_17,2025,autumn,test,0.20812229451421355,0.6355820808030219,0.13,0.03,0,1.0,0.36597985931245103,,M_outer,H_outer
demo_17_07,site_17_07,block_17,2025,winter,test,0.7692821907148486,0.8966925719090431,0.03,0.1,1,1.0,0.6649292786270754,0.5446159618012784,M_outer,H_outer
demo_17_08,site_17_08,block_17,2025,spring,test,0.7802387521984178,0.7114324975696784,0.03,0.1,1,1.0,0.7118452533145639,0.5681225076109061,M_outer,H_outer
demo_17_09,site_17_09,block_17,2025,summer,test,0.4003077324414548,0.8950685501842923,0.13,0.03,1,1.0,0.21670046053844794,0.14765500448960214,M_outer,H_outer
demo_17_10,site_17_10,block_17,2025,autumn,test,0.48109541951253865,0.6637736976281908,0.13,0.03,1,1.0,0.4276790271020454,0.3964689286377165,M_outer,H_outer
demo_17_11,site_17_11,block_17,2025,winter,test,0.2377414009637672,0.4365152189973599,0.03,0.1,1,1.0,0.04867050157085301,0.32616318633645114,M_outer,H_outer
demo_17_12,site_17_12,block_17,2025,spring,test,0.8450005545469573,0.36827296605891285,0.03,0.1,1,1.0,0.6250534755854927,0.7166024148845991,M_outer,H_outer
demo_17_13,site_17_13,block_17,2025,summer,test,0.11579710225610643,0.5426375709216684,0.13,0.03,1,1.0,0.07633118323194864,0.20381868250876495,M_outer,H_outer
demo_17_14,site_17_14,block_17,2025,autumn,test,0.668305111910321,0.5411119920038915,0.13,0.03,1,1.0,0.36838242809610605,0.48150011044296415,M_outer,H_outer
demo_17_15,site_17_15,block_17,2025,winter,test,0.7450015734866511,0.40887215533375487,0.03,0.1,0,1.0,0.5197616548744826,,M_outer,H_outer
demo_17_16,site_17_16,block_17,2025,spring,test,0.24655511319703316,0.999,0.03,0.1,1,1.0,0.19005343447450673,0.14836858775653797,M_outer,H_outer
demo_17_17,site_17_17,block_17,2025,summer,test,0.32230241979007523,0.32783809177364115,0.13,0.03,1,1.0,0.2201882793041435,0.35419552175521385,M_outer,H_outer
demo_17_18,site_17_18,block_17,2025,autumn,test,0.7550773113755482,0.4622744260577927,0.13,0.03,1,1.0,0.3629309973081346,0.455545819781786,M_outer,H_outer
demo_17_19,site_17_19,block_17,2025,winter,test,0.47444903122025905,0.278324545568574,0.03,0.1,1,1.0,0.22595434784104368,0.45334520386776156,M_outer,H_outer
demo_17_20,site_17_20,block_17,2025,spring,test,0.5872849942030988,0.9094129472999076,0.03,0.1,1,1.0,0.5753696258717456,0.3977132308338057,M_outer,H_outer
demo_17_21,site_17_21,block_17,2025,summer,test,0.40280367983154153,0.4438304078565793,0.13,0.03,1,1.0,0.2654837801881192,0.45954243657174476,M_outer,H_outer
demo_17_22,site_17_22,block_17,2025,autumn,test,0.740202260896898,0.8388396559690435,0.13,0.03,1,1.0,0.7119570074584052,0.5642339597730944,M_outer,H_outer
demo_17_23,site_17_23,block_17,2025,winter,test,0.31343964491860554,0.9505529316078283,0.03,0.1,1,1.0,0.26146149298355276,0.2683333545446519,M_outer,H_outer
demo_18_00,site_18_00,block_18,2025,spring,test,0.4711192158441123,0.7382921139499553,0.03,0.1,1,1.0,0.32908818093220066,0.4602726309774096,M_outer,H_outer
demo_18_01,site_18_01,block_18,2025,summer,test,0.4907710524155796,0.42487114957094485,0.13,0.03,1,1.0,0.5170458057762406,0.6556535847112465,M_outer,H_outer
demo_18_02,site_18_02,block_18,2025,autumn,test,0.36788210360774926,0.774806940073661,0.13,0.03,1,1.0,0.3298758665642165,0.2592328943797362,M_outer,H_outer
demo_18_03,site_18_03,block_18,2025,winter,test,0.29184670233088006,0.3780900204243733,0.03,0.1,1,1.0,0.21317691735240052,0.29782747653688957,M_outer,H_outer
demo_18_04,site_18_04,block_18,2025,spring,test,0.8548955673781943,0.6477923380153381,0.03,0.1,1,1.0,0.7140317514209769,0.6615127589629344,M_outer,H_outer
demo_18_05,site_18_05,block_18,2025,summer,test,0.1408661419989005,0.2382296111228474,0.13,0.03,1,1.0,0.09580262332770892,0.39461472061319003,M_outer,H_outer
demo_18_06,site_18_06,block_18,2025,autumn,test,0.2850585081453385,0.28052196194615453,0.13,0.03,1,1.0,0.09038822454194896,0.3853596889347352,M_outer,H_outer
demo_18_07,site_18_07,block_18,2025,winter,test,0.6299203874692604,0.8413202396987819,0.03,0.1,1,1.0,0.5195782943924091,0.44635211697446425,M_outer,H_outer
demo_18_08,site_18_08,block_18,2025,spring,test,0.39622761913036153,0.5370487980610654,0.03,0.1,1,1.0,0.29771997125584904,0.32976609496902287,M_outer,H_outer
demo_18_09,site_18_09,block_18,2025,summer,test,0.9928405411624526,0.6073666148290836,0.13,0.03,0,1.0,0.6849737988499519,,M_outer,H_outer
demo_18_10,site_18_10,block_18,2025,autumn,test,0.8235849479275792,0.9234153295389836,0.13,0.03,1,1.0,0.6871730103601459,0.5263761773217979,M_outer,H_outer
demo_18_11,site_18_11,block_18,2025,winter,test,0.24386649113369896,0.23472273336744143,0.03,0.1,1,1.0,0.0278782174050159,0.2604587810431115,M_outer,H_outer
demo_18_12,site_18_12,block_18,2025,spring,test,0.1273296348728323,0.50377903713747,0.03,0.1,1,1.0,0.0,0.24229267791135983,M_outer,H_outer
demo_18_13,site_18_13,block_18,2025,summer,test,0.22100790451183755,0.28703186283007026,0.13,0.03,1,1.0,0.020527055027893034,0.2872590460558365,M_outer,H_outer
demo_18_14,site_18_14,block_18,2025,autumn,test,0.44518928686692516,0.4560201190039341,0.13,0.03,0,1.0,0.4380684951769788,,M_outer,H_outer
demo_18_15,site_18_15,block_18,2025,winter,test,0.6672643032704301,0.5073098441761614,0.03,0.1,0,1.0,0.4744833656753966,,M_outer,H_outer
demo_18_16,site_18_16,block_18,2025,spring,test,0.13875258675138966,0.5684336016674705,0.03,0.1,1,1.0,0.058641390971219245,0.2006611884635041,M_outer,H_outer
demo_18_17,site_18_17,block_18,2025,summer,test,0.13131475110655025,0.386041415207382,0.13,0.03,1,1.0,0.07171901599801171,0.2930792805310411,M_outer,H_outer
demo_18_18,site_18_18,block_18,2025,autumn,test,0.6294651243346464,0.4169339647030872,0.13,0.03,1,1.0,0.3888997916688253,0.5270306136976118,M_outer,H_outer
demo_18_19,site_18_19,block_18,2025,winter,test,0.8509446566367282,0.29945341822321203,0.03,0.1,1,1.0,0.6385984100472191,0.7121962730229981,M_outer,H_outer
demo_18_20,site_18_20,block_18,2025,spring,test,0.1945742514867589,0.9108184620987297,0.03,0.1,1,1.0,0.10604804316768804,0.06881040076250669,M_outer,H_outer
demo_18_21,site_18_21,block_18,2025,summer,test,0.5332424287159027,0.8093715722628094,0.13,0.03,1,1.0,0.5811414286092327,0.41103931363003227,M_outer,H_outer
demo_18_22,site_18_22,block_18,2025,autumn,test,0.6263768100082784,0.38008664112546003,0.13,0.03,1,1.0,0.5909504293913128,0.6744515601597382,M_outer,H_outer
demo_18_23,site_18_23,block_18,2025,winter,test,0.5829180671792538,0.49175268204215866,0.03,0.1,1,1.0,0.4648522927281855,0.5890563899541632,M_outer,H_outer
demo_19_00,site_19_00,block_19,2025,spring,test,0.26564655958287553,0.14361004168179675,0.03,0.1,1,1.0,0.060792101774469136,0.3805859858081181,M_outer,H_outer
demo_19_01,site_19_01,block_19,2025,summer,test,0.9487616253291413,0.6916321080895462,0.13,0.03,1,1.0,0.6730091664564072,0.6466173691855156,M_outer,H_outer
demo_19_02,site_19_02,block_19,2025,autumn,test,0.5496559567294114,0.1894943104558665,0.13,0.03,1,1.0,0.29797284507617944,0.5464139872646928,M_outer,H_outer
demo_19_03,site_19_03,block_19,2025,winter,test,0.20360025559113665,0.6119349924768065,0.03,0.1,0,1.0,0.15592977888570583,,M_outer,H_outer
demo_19_04,site_19_04,block_19,2025,spring,test,0.46808183350550636,0.6516553143414566,0.03,0.1,1,1.0,0.3578081723439671,0.38140414549438406,M_outer,H_outer
demo_19_05,site_19_05,block_19,2025,summer,test,0.7763934179937769,0.5183815969896713,0.13,0.03,1,1.0,0.6722035593293207,0.7327569470619947,M_outer,H_outer
demo_19_06,site_19_06,block_19,2025,autumn,test,0.5856766198105697,0.7042999289007562,0.13,0.03,0,1.0,0.4452525481948207,,M_outer,H_outer
demo_19_07,site_19_07,block_19,2025,winter,test,0.3278328647194927,0.4992437763630803,0.03,0.1,0,1.0,0.14194791929709466,,M_outer,H_outer
demo_19_08,site_19_08,block_19,2025,spring,test,0.6812917315043615,0.32837282907041465,0.03,0.1,1,1.0,0.5724215980975836,0.605922381498624,M_outer,H_outer
demo_19_09,site_19_09,block_19,2025,summer,test,0.5850663687020313,0.8388289444810512,0.13,0.03,1,1.0,0.43622255878791766,0.30993459124747846,M_outer,H_outer
demo_19_10,site_19_10,block_19,2025,autumn,test,0.2493143148318363,0.5129873577580518,0.13,0.03,1,1.0,0.01062945833092456,0.250740584381101,M_outer,H_outer
demo_19_11,site_19_11,block_19,2025,winter,test,0.37795022206532597,0.8819158939291147,0.03,0.1,0,1.0,0.28735087467458276,,M_outer,H_outer
demo_19_12,site_19_12,block_19,2025,spring,test,0.47808068067011494,0.5191456852195678,0.03,0.1,1,1.0,0.2764025478997882,0.4291417903436144,M_outer,H_outer
demo_19_13,site_19_13,block_19,2025,summer,test,0.44049105785649556,0.7937576894522074,0.13,0.03,0,1.0,0.45843448336630094,,M_outer,H_outer
demo_19_14,site_19_14,block_19,2025,autumn,test,0.6225201340390438,0.5179695435498014,0.13,0.03,1,1.0,0.27656924923744663,0.3519880189750221,M_outer,H_outer
demo_19_15,site_19_15,block_19,2025,winter,test,0.3059166036565604,0.7957114234839561,0.03,0.1,1,1.0,0.21619435678138765,0.17731332953859744,M_outer,H_outer
demo_19_16,site_19_16,block_19,2025,spring,test,0.379452722757466,0.8012953605113681,0.03,0.1,1,1.0,0.3427771026135806,0.26155582484978535,M_outer,H_outer
demo_19_17,site_19_17,block_19,2025,summer,test,0.4673645653826568,0.5938853718700832,0.13,0.03,1,1.0,0.4441554883541197,0.46279532594360895,M_outer,H_outer
demo_19_18,site_19_18,block_19,2025,autumn,test,0.625486120245034,0.6652382077109612,0.13,0.03,1,1.0,0.4691604824458772,0.4320647305728249,M_outer,H_outer
demo_19_19,site_19_19,block_19,2025,winter,test,0.7895069073006465,0.8906674949511849,0.03,0.1,1,1.0,0.7475852459875221,0.5581825470529547,M_outer,H_outer
demo_19_20,site_19_20,block_19,2025,spring,test,0.8345645490075704,0.6301068415424876,0.03,0.1,1,1.0,0.6957304745940878,0.677356553622596,M_outer,H_outer
demo_19_21,site_19_21,block_19,2025,summer,test,0.2832853141760007,0.4241030054260136,0.13,0.03,1,1.0,0.13218952821202026,0.3265001457326177,M_outer,H_outer
demo_19_22,site_19_22,block_19,2025,autumn,test,0.7636220229726918,0.16898734292676976,0.13,0.03,1,1.0,0.42648260448915276,0.641823807584942,M_outer,H_outer
demo_19_23,site_19_23,block_19,2025,winter,test,0.6757665368245559,0.4525433903589719,0.03,0.1,1,1.0,0.5041359906063846,0.6045182884547471,M_outer,H_outer
