epoch,train_mse,validation_mse
1,0.01999201625585556,0.02158302441239357
2,0.019202804192900658,0.020731758326292038
3,0.018318474292755127,0.019856229424476624
4,0.017408989369869232,0.019015207886695862
5,0.016532279551029205,0.01827089861035347
6,0.015750806778669357,0.017663579434156418
7,0.015085499733686447,0.017200632020831108
8,0.014591270126402378,0.016860125586390495
9,0.014280952513217926,0.016596904024481773
10,0.013958320021629333,0.016362259164452553
11,0.013755098916590214,0.016112303361296654
12,0.013554882258176804,0.015821868553757668
13,0.013337300159037113,0.015492070466279984
14,0.013133826665580273,0.01514994166791439
15,0.01290079578757286,0.014844072051346302
16,0.012800350785255432,0.014613106846809387
17,0.012650114484131336,0.014443542808294296
18,0.012660029344260693,0.014309853315353394
19,0.01251513697206974,0.014205092564225197
20,0.012410961091518402,0.014137456193566322
21,0.012313799001276493,0.014105151407420635
22,0.0121245002374053,0.014091306366026402
23,0.012032423168420792,0.01406656764447689
24,0.011949706822633743,0.01401624083518982
25,0.011801818385720253,0.013933025300502777
26,0.011891450732946396,0.013824157416820526
27,0.011620186269283295,0.013697135262191296
28,0.011559457518160343,0.013556639663875103
29,0.011550666764378548,0.0134279765188694
30,0.011453586630523205,0.013314061798155308
31,0.011238453909754753,0.013213216327130795
32,0.011351101100444794,0.013123683631420135
33,0.011305196210741997,0.013041514903306961
34,0.011178076267242432,0.012969916686415672
35,0.011018822900950909,0.012907631695270538
36,0.010997667908668518,0.012847053818404675
37,0.010933863930404186,0.012777790427207947
38,0.010838212445378304,0.012692587450146675
39,0.010782267898321152,0.01259533315896988
40,0.010722276754677296,0.012493813410401344
41,0.010580911301076412,0.012400914914906025
42,0.010560757480561733,0.012325302697718143
43,0.010570711456239223,0.01227862574160099
44,0.010476494207978249,0.012244772166013718
45,0.010536161251366138,0.012219889089465141
46,0.010580315254628658,0.012198325246572495
47,0.01039472408592701,0.012170025147497654
48,0.010316111147403717,0.012142832390964031
49,0.01033591479063034,0.012110009789466858
50,0.010307172313332558,0.012068038806319237
51,0.010273168794810772,0.012026352807879448
52,0.01019397471100092,0.011994477361440659
53,0.010297507978975773,0.011967567726969719
54,0.010079018771648407,0.011924166232347488
55,0.010230089537799358,0.01187843270599842
56,0.010096295736730099,0.011826662346720695
57,0.010062899440526962,0.011800186708569527
58,0.010065036825835705,0.011785389855504036
59,0.009800523519515991,0.011773550882935524
60,0.009902937337756157,0.011765413917601109
61,0.009851520881056786,0.011748315766453743
62,0.009819752536714077,0.011711311526596546
63,0.00979011319577694,0.011639379896223545
64,0.009918627329170704,0.01155831292271614
65,0.009808516129851341,0.01149120181798935
66,0.009891778230667114,0.011442078277468681
67,0.00974653847515583,0.011402036994695663
68,0.009793659672141075,0.011357037350535393
69,0.00968400202691555,0.011332560330629349
70,0.009546235203742981,0.01133181992918253
71,0.009583309292793274,0.011330630630254745
72,0.009709781967103481,0.01129955891519785
73,0.00944005697965622,0.011253239586949348
74,0.009603374637663364,0.01119894441217184
75,0.009556598961353302,0.011171380989253521
76,0.009567754343152046,0.011169373989105225
77,0.009435777552425861,0.011173629201948643
78,0.009524417109787464,0.011178584769368172
79,0.009460831061005592,0.011175358667969704
80,0.009525233879685402,0.011172765865921974
81,0.009423616342246532,0.011166292242705822
82,0.00949147343635559,0.011167963966727257
83,0.009446617215871811,0.011178961023688316
84,0.00946970283985138,0.011190757155418396
85,0.009393256157636642,0.011210347525775433
86,0.009359107352793217,0.011225388385355473
87,0.009322498925030231,0.011241691187024117
88,0.009433899074792862,0.011255137622356415
89,0.009296666830778122,0.011261936277151108
90,0.00927133858203888,0.011251432821154594
91,0.009204879403114319,0.011237651109695435
92,0.0092180036008358,0.011226092465221882
93,0.00928623229265213,0.011223235167562962
94,0.009232168085873127,0.011206848546862602
95,0.009293394163250923,0.011184422299265862
96,0.009235408157110214,0.011162571609020233
97,0.009162932634353638,0.01113494299352169
98,0.00919004250317812,0.01110017579048872
99,0.009144945070147514,0.011076640337705612
100,0.00918249785900116,0.011051814071834087
101,0.009179407730698586,0.01103881187736988
102,0.009114569053053856,0.011029425077140331
103,0.009076387621462345,0.011029926128685474
104,0.009276719763875008,0.011031489819288254
105,0.00917038694024086,0.011034085415303707
106,0.009129917249083519,0.011056889779865742
107,0.0091475211083889,0.01109340414404869
108,0.009075679816305637,0.011104462668299675
109,0.009100581519305706,0.01110631413757801
110,0.009067218750715256,0.011102769523859024
111,0.009008148685097694,0.011070662178099155
112,0.009052183479070663,0.011035101488232613
113,0.009011664427816868,0.011013293638825417
114,0.009036311879754066,0.011012517847120762
115,0.009020892903208733,0.011019879952073097
116,0.009064186364412308,0.011036986485123634
117,0.008979453705251217,0.01105132233351469
118,0.00906797032803297,0.011067003943026066
119,0.0090108010917902,0.011079736985266209
120,0.009074358269572258,0.011091025546193123
121,0.00900846254080534,0.011094428598880768
122,0.00905370432883501,0.011090598069131374
123,0.009030070155858994,0.01107441820204258
124,0.009008698165416718,0.011066429316997528
125,0.009062710218131542,0.011040028184652328
126,0.008985987864434719,0.01101885549724102
127,0.00891399011015892,0.010972113348543644
128,0.008977392688393593,0.010964854620397091
129,0.008963081985712051,0.01097180973738432
130,0.00906663853675127,0.011005057953298092
131,0.008924943394958973,0.011047271080315113
132,0.009034466929733753,0.011064885184168816
133,0.00916709378361702,0.011062581092119217
134,0.009029733017086983,0.011086279526352882
135,0.008886752650141716,0.011086678132414818
136,0.008931114338338375,0.011069969274103642
137,0.00888125505298376,0.011052526533603668
138,0.009017521515488625,0.011063319630920887
139,0.008966664783656597,0.011092721484601498
140,0.008944555185735226,0.011148912832140923
141,0.008885035291314125,0.011189487762749195
142,0.0089677469804883,0.011201774701476097
143,0.00889208260923624,0.011187335476279259
144,0.008802639320492744,0.011167438700795174
145,0.008946520276367664,0.011148129589855671
146,0.008927145972847939,0.01113792136311531
147,0.00896545872092247,0.01113922894001007
148,0.009045963175594807,0.011139452457427979
149,0.008816221728920937,0.011125637218356133
150,0.008904014714062214,0.011107337661087513
151,0.008963298983871937,0.011115347035229206
152,0.008950627408921719,0.011149960570037365
153,0.008873610757291317,0.011182500049471855
154,0.009005283936858177,0.011189877055585384
155,0.008849442936480045,0.011185707524418831
156,0.008824070915579796,0.011162684299051762
157,0.008780215866863728,0.011149133555591106
158,0.00890257116407156,0.011158379726111889
159,0.008936240337789059,0.011196061968803406
160,0.008774632588028908,0.011244620196521282
161,0.008831565268337727,0.01129209902137518
162,0.008828964084386826,0.011327572166919708
163,0.008822756819427013,0.011293886229395866
164,0.008858899585902691,0.011218053288757801
165,0.008889175951480865,0.011182354763150215
166,0.008974972181022167,0.011179587803781033
167,0.008828516118228436,0.011206220835447311
168,0.008849975652992725,0.011239832267165184
